Rank,Exercise Name,Level,Primary Muscle,CNS,Sets,Reps,Time Goal,Rest,Primary Focus,Stars,Pre-Req,HS Goals,College Goals,Description,Proper Form,demo,env,sport,Description
1,Barbell Bench Press,Inter,Chest,High,4,5-8,--,120s,Upper Mass,⭐⭐⭐,Push-up,1x Bodyweight,1.5x BW,Standard horizontal press for mass.,Lie flat; lower bar to mid-chest; press up.,Watch Video,w_room,Weight Room,Standard horizontal press for mass.
2,Barbell Curl,Beg,Biceps,Low,3,10-12,--,60s,Arm Strength,⭐,None,Form Control,Strict Reps,Core isolation for bicep strength.,Grip shoulder-width; curl bar; keep elbows pinned.,Watch Video,w_room,Weight Room,Core isolation for bicep strength.
3,Back Squat,Inter,Quads,High,5,5,--,180s,Foundational,⭐⭐⭐,Body Squat,1.5x BW,2x BW,The foundational lower-body lift.,Bar on traps; sit back to parallel; drive up.,Watch Video,w_room,Weight Room,The foundational lower-body lift.
4,Deadlift,Inter,Hamstrings,Max,3,5,--,240s,Post. Chain,⭐⭐⭐,Hinge,1.5x BW,2.5x BW,Full-body pull for posterior chain.,Hinge to grip; pull close to shins to lockout.,Watch Video,w_room,Weight Room,Full-body pull for posterior chain.
5,Close-Grip Bench,Inter,Triceps,Med,3,8-10,--,90s,Tricep Mass,⭐⭐,Bench Press,Tricep Strength,Lockout Power,Tricep-focused bench variation.,Grip 6–8 in. apart; keep elbows tucked.,Watch Video,w_room,Weight Room,Tricep-focused bench variation.
6,Incline Bench,Inter,Chest,Med,3,8-10,--,90s,Upper Chest,⭐⭐,Bench Press,Chest Balance,Upper Pec Fill,Targets upper chest and shoulders.,Bench at 45°; lower bar to upper chest.,Watch Video,w_room,Weight Room,Targets upper chest and shoulders.
7,Barbell Sh. Press,Inter,Shoulders,High,4,6-8,--,120s,Overhead Power,⭐⭐⭐,Landmine Prs,0.75x BW,1x BW,Vertical press for overhead strength.,Press from chest to overhead; keep core tight.,Watch Video,w_room,Weight Room,Vertical press for overhead strength.
8,Bent Over Row,Beg,Back,Med,3,8-12,--,90s,Back Thickness,⭐⭐,None,Posture,Pull Strength,Builds back thickness and posture.,Hinge at 45°; pull bar to lower ribs.,Watch Video,w_room,Weight Room,Builds back thickness and posture.
9,Romanian Deadlift,Inter,Hamstrings,Med,3,10-12,--,90s,Hinge Pattern,⭐⭐,Deadlift,Hip Mobility,Hame String Size,Emphasizes hip hinge and stretch.,Hinge hips back; lower bar to mid-shin.,Watch Video,w_room,Weight Room,Emphasizes hip hinge and stretch.
10,Reverse BB Curl,Beg,Biceps,Low,3,12-15,--,60s,Forearm/Grip,⭐,None,Grip Strength,Arm Detail,Targets brachialis and forearms.,Overhand grip; curl while keeping wrists neutral.,Watch Video,w_room,Weight Room,Targets brachialis and forearms.
11,Barbell Hip Thrust,Inter,Glutes,Med,4,10-12,--,90s,Glute Power,⭐⭐,Bridge,Glute Active,Sprint Power,Maximum glute isolation and power.,Back on bench; bar on hips; drive up.,Watch Video,w_room,Weight Room,Maximum glute isolation and power.
12,Upright Row,Beg,Trapezius,Low,3,12-15,--,60s,Trap Growth,⭐,None,Shoulder Width,Trap Detail,Targets upper traps and lateral delts.,Pull bar to chin; elbows higher than wrists.,Watch Video,w_room,Weight Room,Targets upper traps and lateral delts.
13,SL Good Morning,Beg,Lower Back,Med,3,12-15,--,60s,Lower Back,⭐,Hinge,Back Health,Hamstring Flex,Hamstring and lower back flexibility.,Hinge with legs straight; keep back flat.,Watch Video,w_room,Weight Room,Hamstring and lower back flexibility.
14,Front Squat,Inter,Quads,High,4,6-8,--,120s,Core/Quads,⭐⭐⭐,Back Squat,Upright Torso,Quad Isolation,Emphasizes quads and core stability.,Rack bar on delts; keep elbows high.,Watch Video,w_room,Weight Room,Emphasizes quads and core stability.
15,Good Morning,Inter,Hamstrings,Med,3,8-12,--,90s,Post. Strength,⭐⭐,Hinge,Back Support,Hinge Strength,Posterior chain strengthener.,Bar on traps; hinge until torso is parallel.,Watch Video,w_room,Weight Room,Posterior chain strengthener.
16,Barbell Shrug,Beg,Trapezius,Low,3,15-20,--,60s,Trap Isolation,⭐,None,Trap Size,Posture,Isolates the upper trapezius muscles.,Hold bar; lift shoulders toward ears.,Watch Video,w_room,Weight Room,Isolates the upper trapezius muscles.
17,Decline Bench,Inter,Chest,Med,3,8-12,--,90s,Lower Chest,⭐⭐,Bench Press,Lower Pec Fill,Press Power,Focuses on lower pectoral fibers.,Bench at down angle; press from lower chest.,Watch Video,w_room,Weight Room,Focuses on lower pectoral fibers.
18,Push Press,Inter,Shoulders,High,4,5,--,120s,Explosive,⭐⭐⭐,Sh. Press,Athleticism,Overhead Power,Explosive overhead press using legs.,Dip knees; drive bar overhead with momentum.,Watch Video,w_room,Weight Room,Explosive overhead press using legs.
19,Bicep Drag Curl,Beg,Biceps,Low,3,12,--,60s,Peak Tension,⭐,BB Curl,Bicep Peak,Form Control,Constant tension isolation.,Drag bar up torso; pull elbows back.,Watch Video,w_room,Weight Room,Constant tension isolation.
20,Reverse Grip Row,Beg,Back,Med,3,10-12,--,60s,Lower Lats,⭐,BB Row,Lat Width,Underhand Power,Hits lower lats and biceps.,Underhand grip; pull bar to belly button.,Watch Video,w_room,Weight Room,Hits lower lats and biceps.
21,Barbell Lunge,Inter,Quads,Med,3,10ea,--,90s,Unilat. Power,⭐⭐,Body Lunge,Balance,Hip Stability,Unilateral leg strength and balance.,Step forward until back knee touches floor.,Watch Video,w_room,Weight Room,Unilateral leg strength and balance.
22,Seated Sh. Press,Inter,Shoulders,Med,3,8-10,--,90s,Pure Delts,⭐⭐,Sh. Press,Strict Power,Shoulder Mass,Removes leg drive for shoulder isolation.,Sit upright; press from chin to lockout.,Watch Video,w_room,Weight Room,Removes leg drive for shoulder isolation.
23,Bulgarian Split Sq,Inter,Quads,High,3,8ea,--,90s,Leg Imbalance,⭐⭐⭐,Lunge,Hip Strength,Quad Detail,Deep unilateral quad and glute work.,One foot back on bench; squat on front leg.,Watch Video,w_room,Weight Room,Deep unilateral quad and glute work.
24,Standing Calf Rise,Beg,Calves,Low,4,15-20,--,45s,Lower Leg,⭐,None,Calf Size,Ankle Health,Builds mass in the gastrocnemius.,Rise onto balls of feet; lower slowly.,Watch Video,w_room,Weight Room,Builds mass in the gastrocnemius.
25,BB Glute Bridge,Inter,Glutes,Med,3,12,--,60s,Glute Snap,⭐⭐,Bridge,Hip Drive,Floor Power,Power movement for glute activation.,Lie on floor; drive hips up; squeeze glutes.,Watch Video,w_room,Weight Room,Power movement for glute activation.
26,Kneeling Squat,Inter,Glutes,Low,3,15,--,60s,Glute Finish,⭐,None,Hip Extension,Glute Shape,Removes knee strain to isolate hips.,Kneel; sit on heels; drive hips forward.,Watch Video,w_room,Weight Room,Removes knee strain to isolate hips.
27,Rack Pulls,Inter,Lower Back,High,3,5-8,--,120s,Back Density,⭐⭐,Deadlift,Lockout Power,Trap Density,Partial deadlift for back thickness.,Pull from knee height; squeeze back.,Watch Video,w_room,Weight Room,Partial deadlift for back thickness.
28,Landmine Row,Beg,Back,Low,3,12,--,60s,Mid-Back,⭐,None,Back Health,Scap. Control,Pivoting row for mid-back thickness.,Straddle bar; pull end toward chest.,Watch Video,w_room,Weight Room,Pivoting row for mid-back thickness.
29,Barbell Step Up,Inter,Quads,Med,3,10ea,--,60s,Vertical Power,⭐⭐,Lunge,Jump Height,Leg Symmetry,Functional unilateral leg power.,Step onto box; drive through top heel.,Watch Video,w_room,Weight Room,Functional unilateral leg power.
30,Power Clean,Inter,Hamstrings,Max,5,3,--,180s,Explosive,⭐⭐⭐,Deadlift,Triple Ext.,Field Speed,Explosive full-body power movement.,"Pull from floor; ""catch"" bar on shoulders.",Watch Video,w_room,Weight Room,Explosive full-body power movement.
31,Australian Chin Up,Beg,Back,Low,3,12,--,60s,Pull Prep,⭐,None,Posture,Pullup Prep,Horizontal bodyweight pull.,Bar at waist; pull chest to bar at angle.,Watch Video,w_room,Weight Room,Horizontal bodyweight pull.
32,Sumo Deadlift,Inter,Hamstrings,Max,3,5,--,240s,Wide Pull,⭐⭐⭐,Deadlift,Glute Strength,Max Strength,Wide-stance pull for glutes and hams.,Wide stance; grip bar inside legs; drive floor.,Watch Video,w_room,Weight Room,Wide-stance pull for glutes and hams.
33,Floor Press,Inter,Chest,Med,3,8,--,90s,Lockout Power,⭐⭐,Bench Press,Shoulder Safe,Tricep Finish,Targets lockout and protects shoulders.,Lie on floor; lower until elbows touch floor.,Watch Video,w_room,Weight Room,Targets lockout and protects shoulders.
34,Pause Back Squat,Inter,Quads,High,4,5,--,150s,Power Out Hole,⭐⭐⭐,Back Squat,Control,Expl. Drive,Builds power out of the bottom position.,Squat to bottom; hold 2s; stand explosively.,Watch Video,w_room,Weight Room,Builds power out of the bottom position.
35,Incline Skull Crush,Inter,Triceps,Low,3,12,--,60s,Tricep Stretch,⭐,None,Arm Size,Long Head Dev,Stretches the long head of the tricep.,Incline bench; lower bar to head; extend.,Watch Video,w_room,Weight Room,Stretches the long head of the tricep.
36,Pause Incline Bench,Inter,Chest,Med,3,8,--,90s,Chest Power,⭐⭐,Incl. Bench,Stability,Max Tension,Removes momentum for upper chest power.,Pause bar on upper chest for 1s then press.,Watch Video,w_room,Weight Room,Removes momentum for upper chest power.
37,Pendlay Row,Inter,Back,High,4,6-8,--,120s,Expl. Pull,⭐⭐⭐,BB Row,Power,Back Density,Explosive row from a dead stop.,Back parallel to floor; row from ground.,Watch Video,w_room,Weight Room,Explosive row from a dead stop.
38,Inverted Row,Beg,Back,Low,3,12,--,60s,Bodyweight Pull,⭐,None,Posture,Pullup Prep,Bodyweight back builder.,Pull chest to bar while hanging; keep straight.,Watch Video,w_room,Weight Room,Bodyweight back builder.
39,Clean,Inter,Hamstrings,Max,5,2,--,180s,Olympic Lift,⭐⭐⭐,Power Clean,Triple Ext.,Elite Power,Full Olympic transition to front rack.,Pull from floor; catch in deep front squat.,Watch Video,w_room,Weight Room,Full Olympic transition to front rack.
40,Pulse Back Squat,Inter,Quads,Med,3,12,--,90s,Tension,⭐⭐,Back Squat,Endurance,Muscle Pump,Increases time under tension.,Bounce small at bottom before rising.,Watch Video,w_room,Weight Room,Increases time under tension.
41,Barbell Ab Rollout,Inter,Abs,High,3,10,--,90s,Core Stability,⭐⭐⭐,Plank,Anti-Extens.,Core Shield,Extreme core stability movement.,Roll out until flat; pull back using abs.,Watch Video,w_room,Weight Room,Extreme core stability movement.
42,Wide Grip BB Curl,Beg,Biceps,Low,3,10,--,60s,Short Head,⭐,BB Curl,Bicep Width,Peak Dev.,Focuses on the inner head of the bicep.,Grip wider than shoulders; curl to chin.,Watch Video,w_room,Weight Room,Focuses on the inner head of the bicep.
43,Palms-Up Wrist Curl,Beg,Forearms,Low,3,20,--,45s,Flexor Str.,⭐,None,Grip,Forearm Mass,Targets inner forearm flexors.,Forearms on bench; curl wrists upward.,Watch Video,w_room,Weight Room,Targets inner forearm flexors.
44,Lower Back Stretch,Beg,Lower Back,Low,2,--,60s,--,Recovery,⭐,None,Flexibilty,Injury Prev.,Flexibility and recovery move.,Hinge forward slowly to stretch lumbar.,Watch Video,w_room,Weight Room,Flexibility and recovery move.
45,Pause Bench Press,Inter,Chest,Med,4,5,--,120s,Press Power,⭐⭐,Bench Press,Control,Chest Snap,Increases explosive pressing power.,Pause on chest for 2s; press with no bounce.,Watch Video,w_room,Weight Room,Increases explosive pressing power.
46,BB Front Raise,Inter,Shoulders,Low,3,12,--,60s,Anterior Delt,⭐,None,Front Cap,Delta Size,Isolates the front deltoid.,Straight arms; lift to shoulder height.,Watch Video,w_room,Weight Room,Isolates the front deltoid.
47,Pause Front Squat,Inter,Quads,High,3,5,--,120s,Rack Stability,⭐⭐⭐,Front Squat,Posture,Core Brace,Enhances front rack stability and power.,Pause at bottom; maintain high elbows.,Watch Video,w_room,Weight Room,Enhances front rack stability and power.
48,Palms-Down Wrist,Beg,Forearms,Low,3,20,--,45s,Extensor Str.,⭐,None,Grip,Wrist Health,Targets outer forearm extensors.,Forearms on bench; curl palms downward.,Watch Video,w_room,Weight Room,Targets outer forearm extensors.
49,Single Arm LM Row,Beg,Back,Low,3,12ea,--,60s,Unilat. Back,⭐,LM Row,Symmetry,Lat Focus,Unilateral back isolation using landmine.,Stand beside bar; row end to hip.,Watch Video,w_room,Weight Room,Unilateral back isolation using landmine.
50,Clean Deadlift,Adv,Hamstrings,High,4,3,--,150s,Pull Mechanics,⭐⭐⭐,Deadlift,First Pull,Olympic Prep,Mimics the first pull of a Clean.,Start hips low; chest up; vertical path.,Watch Video,w_room,Weight Room,Mimics the first pull of a Clean.
51,Box Squat,Adv,Quads,High,5,5,--,180s,Expl. Hips,⭐⭐⭐,Back Squat,Power,Speed Squat,Develops explosive hip drive.,Squat to box; pause; drive upward.,Watch Video,w_room,Weight Room,Develops explosive hip drive.
52,Stiff-Legged DL,Inter,Hamstrings,Med,3,10,--,90s,Hamstring Iso,⭐⭐,Deadlift,Stretch,Hame Size,Focuses on hamstring elongation.,Legs locked; lower bar to feel stretch.,Watch Video,w_room,Weight Room,Focuses on hamstring elongation.
53,Split Squat,Inter,Quads,Med,3,10ea,--,60s,Quad Iso,⭐⭐,Lunge,Stability,Knee Health,Static lunge for quad development.,Staggered stance; lower back knee to floor.,Watch Video,w_room,Weight Room,Static lunge for quad development.
54,Landmine Press,Beg,Shoulders,Low,3,12,--,60s,Joint Health,⭐,None,Push Power,Sh. Mobility,Angled press for shoulder health.,Press end of bar up/forward at angle.,Watch Video,w_room,Weight Room,Angled press for shoulder health.
55,Pause Decline,Inter,Chest,Med,3,8,--,90s,Lower Pec Pow,⭐⭐,Decline Bench,Control,Pec Pop,Lower pec power builder.,Pause at bottom of decline; press control.,Watch Video,w_room,Weight Room,Lower pec power builder.
56,Landmine RDL,Beg,Hamstrings,Low,3,12,--,60s,Hinge Form,⭐,None,Hinge Pattern,Hip Stability,Stable hip hinge variation.,Stand at bar end; hinge hips back; pull.,Watch Video,w_room,Weight Room,Stable hip hinge variation.
57,LM Squat to Press,Inter,Quads,Med,3,10,--,90s,Full Body,⭐⭐,LM Press,Coordination,Athleticism,Full-body coordination and power.,Squat then explosively press at top.,Watch Video,w_room,Weight Room,Full-body coordination and power.
58,DL to Calf Raise,Inter,Hamstrings,High,3,10,--,90s,Posterior/Calf,⭐⭐,Deadlift,Balance,Ankle Power,Combines posterior chain and calf work.,Deadlift then rise onto toes at top.,Watch Video,w_room,Weight Room,Combines posterior chain and calf work.
59,Hang Clean,Inter,Quads,High,5,3,--,150s,Expl. Power,⭐⭐⭐,Power Clean,Speed,Vert. Power,"Explosive power from the ""hang.""",From mid-thigh; jump/shrug to catch.,Watch Video,w_room,Weight Room,"Explosive power from the ""hang."""
60,Deep Partial Squat,Inter,Quads,Med,3,15,--,90s,Range Focus,⭐⭐,Back Squat,Endurance,Strength Arc,Targets the most difficult bottom range.,Squat deep; rise halfway; return to bottom.,Watch Video,w_room,Weight Room,Targets the most difficult bottom range.
61,Single Arm LM Prs,Beg,Shoulders,Low,3,12ea,--,60s,Unilat. Stab,⭐,LM Press,Sh. Health,Core Brace,Unilateral overhead stability.,Press end of bar with one arm; engage core.,Watch Video,w_room,Weight Room,Unilateral overhead stability.
62,Behind Back Shrug,Beg,Trapezius,Low,3,15,--,45s,Upper Traps,⭐,BB Shrug,Trap Dev.,Posture,Hits the upper and middle traps.,Hold bar behind glutes; shrug to ears.,Watch Video,w_room,Weight Room,Hits the upper and middle traps.
63,Hang Power Clean,Inter,Quads,High,4,5,--,120s,High Catch,⭐⭐⭐,Power Clean,Catch Speed,Foot Speed,High-catch explosive movement.,From thighs; catch on shoulders in partial sq.,Watch Video,w_room,Weight Room,High-catch explosive movement.
64,LM Core Rotation,Beg,Abs,Low,3,10ea,--,45s,Rotational,⭐,None,Obliques,Anti-Rot.,Rotational core strength.,Hold bar; rotate side-to-side using abs.,Watch Video,w_room,Weight Room,Rotational core strength.
65,Hang Snatch,Inter,Hamstrings,Max,5,3,--,180s,Speed-Strength,⭐⭐⭐,Overhead Sq,Athleticism,Explosive,Explosive overhead pull from the hang.,One motion from thighs to overhead.,Watch Video,w_room,Weight Room,Explosive overhead pull from the hang.
66,Power Snatch,Inter,Hamstrings,Max,5,3,--,180s,Expl. Pull,⭐⭐⭐,Snatch,Power,Field Speed,Floor-to-overhead explosive lift.,Pull from floor; catch overhead in partial sq.,Watch Video,w_room,Weight Room,Floor-to-overhead explosive lift.
67,Reverse Grip Bench,Inter,Chest,Med,3,10,--,90s,Upper Pec/Tri,⭐⭐,Bench Press,Arm Size,Bench Variation,Emphasizes upper chest and triceps.,Palms-up grip; lower to mid-chest.,Watch Video,w_room,Weight Room,Emphasizes upper chest and triceps.
68,BB Pause Curl,Beg,Biceps,Low,3,12,--,60s,Time/Tension,⭐,BB Curl,Bicep Peak,Size,Increases time under tension for biceps.,Pause 2s at top of curl; squeeze hard.,Watch Video,w_room,Weight Room,Increases time under tension for biceps.
69,Seated Calf Raise,Beg,Calves,Low,4,15,--,45s,Soleus,⭐,None,Calf Size,Ankle Mobil.,Targets the soleus muscle.,Sit with bar on knees; rise onto toes.,Watch Video,w_room,Weight Room,Targets the soleus muscle.
70,Australian Pull Up,Beg,Back,Low,3,12,--,60s,BW Pull,⭐,None,Posture,Strength,Bodyweight horizontal row.,Hang from low bar; pull chest to bar.,Watch Video,w_room,Weight Room,Bodyweight horizontal row.
71,RDL to Shrug,Inter,Hamstrings,Med,3,10,--,90s,Combo Move,⭐⭐,RDL,Posterior,Trap Dev,Compound pull for hams and traps.,Perform RDL; perform shrug at top.,Watch Video,w_room,Weight Room,Compound pull for hams and traps.
72,Zercher Squat,Adv,Quads,High,4,8,--,120s,Core/Quad,⭐⭐⭐,Back Squat,Core Brace,Lower Pow,Intense core and quad challenge.,Hold bar in elbows; squat deep.,Watch Video,w_room,Weight Room,Intense core and quad challenge.
73,Snatch Grip DL,Inter,Hamstrings,High,3,5,--,180s,Rom / Upper Bk,⭐⭐⭐,Deadlift,Grip,Back Size,Increases range of motion for the pull.,Grip bar very wide; hips lower; pull.,Watch Video,w_room,Weight Room,Increases range of motion for the pull.
74,Z-Press,Adv,Shoulders,High,3,8,--,120s,Core Stability,⭐⭐⭐,Sh. Press,Strict Power,Pure Press,Seated press requiring extreme core.,Sit on floor; press overhead; no support.,Watch Video,w_room,Weight Room,Seated press requiring extreme core.
75,Floor Skull Crush,Inter,Triceps,Low,3,12,--,60s,Tricep Iso,⭐,None,Arm Mass,Tricep Dev,Tricep isolation with limited range.,Lie on floor; lower bar behind head.,Watch Video,w_room,Weight Room,Tricep isolation with limited range.
76,Meadows Row,Beg,Back,Low,3,12ea,--,60s,Lat Isolation,⭐,None,Lat Width,Back Detail,T-bar variation for lat isolation.,Stand perpendicular to LM; row end to hip.,Watch Video,w_room,Weight Room,T-bar variation for lat isolation.
77,Jefferson Squat,Inter,Quads,Med,3,10,--,90s,Inner Thigh,⭐⭐,None,Mobility,Strength,Straddle squat for inner thigh/quads.,"Straddle bar; one hand front, one back.",Watch Video,w_room,Weight Room,Straddle squat for inner thigh/quads.
78,Hack Squat (BB),Inter,Quads,Med,3,12,--,90s,Quad Dominant,⭐⭐,None,Leg Mass,Strength,Behind-the-legs squat for quads.,Hold bar behind heels; squat down.,Watch Video,w_room,Weight Room,Behind-the-legs squat for quads.
79,Close Upright Row,Beg,Trapezius,Low,3,12,--,60s,Trap Focus,⭐,None,Trap Height,Posture,High-trap isolation.,Hands 4in apart; pull to chin; elbows high.,Watch Video,w_room,Weight Room,High-trap isolation.
80,Wide Upright Row,Beg,Shoulders,Low,3,12,--,60s,Side Delt,⭐,None,Sh. Width,Delt Cap,Lateral delt focus.,Hands sh-width; pull to chest; flare elbows.,Watch Video,w_room,Weight Room,Lateral delt focus.
81,Cuban Press,Inter,Shoulders,Low,3,15,--,60s,Sh. Health,⭐,None,Mobility,Injury Prev,Rotator cuff and shoulder health.,Row; rotate; press; reverse.,Watch Video,w_room,Weight Room,Rotator cuff and shoulder health.
82,Bradford Press,Inter,Shoulders,Med,3,12,--,60s,Time/Tension,⭐⭐,Sh. Press,Endurance,Delt Pump,Increases time under tension for delts.,Press to back of neck then to front.,Watch Video,w_room,Weight Room,Increases time under tension for delts.
83,Savickas Press,Adv,Shoulders,High,3,8,--,120s,Pure Press,⭐⭐⭐,Z-Press,Max Effort,Core Brace,Pure seated pressing from floor.,Sit on floor; press overhead; leg straight.,Watch Video,w_room,Weight Room,Pure seated pressing from floor.
84,J-Hook Curl,Beg,Biceps,Low,3,12,--,60s,Peak Bicep,⭐,BB Curl,Bicep Peak,Detail,Focuses on the top peak contraction.,Curl; at top pull elbows forward.,Watch Video,w_room,Weight Room,Focuses on the top peak contraction.
85,Cheat Curl,Inter,Biceps,Med,3,6-8,--,90s,Eccentric Load,⭐⭐,BB Curl,Power,Size,Overloads the eccentric phase.,Use hips to curl; lower very slowly.,Watch Video,w_room,Weight Room,Overloads the eccentric phase.
86,Concentration (BB),Beg,Biceps,Low,3,15,--,45s,Iso Peak,⭐,BB Curl,Form,Definition,Seated bicep isolation.,Sit; lean forward; curl bar toward face.,Watch Video,w_room,Weight Room,Seated bicep isolation.
87,Spider Curl,Beg,Biceps,Low,3,12,--,60s,Momentum-Free,⭐,BB Curl,Strict Reps,Bicep Shape,Eliminates all momentum.,Lean chest-down on incline; curl from hang.,Watch Video,w_room,Weight Room,Eliminates all momentum.
88,Preacher Curl,Beg,Biceps,Low,3,12,--,60s,Short Head,⭐,BB Curl,Size,Detail,Isolates the short head of the bicep.,Arms on preacher pad; curl bar.,Watch Video,w_room,Weight Room,Isolates the short head of the bicep.
89,Tate Press,Inter,Triceps,Low,3,12,--,60s,Tri-Extension,⭐,None,Lockout,Arm Width,Unique tricep extension on bench.,Weights at chest; flare elbows; press up.,Watch Video,w_room,Weight Room,Unique tricep extension on bench.
90,JM Press,Inter,Triceps,Med,3,10,--,90s,Mass Builder,⭐⭐,Bench Press,Lockout,Tri Thickness,Hybrid bench/skull crusher.,Lower to chin; tuck elbows; press.,Watch Video,w_room,Weight Room,Hybrid bench/skull crusher.
91,California Press,Inter,Triceps,Med,3,10,--,90s,Hybrid Mass,⭐⭐,JM Press,Strength,Bench Acc.,Another hybrid for tricep mass.,Lower to upper chest; press like bench.,Watch Video,w_room,Weight Room,Another hybrid for tricep mass.
92,Overhead Tri Ext,Inter,Triceps,Low,3,12,--,60s,Long Head,⭐,None,Stretch,Tri Size,Stretches the triceps.,Hold bar overhead; lower behind neck.,Watch Video,w_room,Weight Room,Stretches the triceps.
93,Drag Row,Beg,Back,Low,3,15,--,60s,Lat Iso,⭐,None,Posture,Back Health,Lat isolation.,Pull bar up legs; pull elbows back.,Watch Video,w_room,Weight Room,Lat isolation.
94,Seal Row,Inter,Back,Med,3,10,--,90s,Strict Pull,⭐⭐,BB Row,Back Width,No Cheat Row,Eliminates lower back/leg drive.,Lie chest-down on elevated bench; row.,Watch Video,w_room,Weight Room,Eliminates lower back/leg drive.
95,Kroc Row (BB),Inter,Back,High,3,20,--,120s,Volume,⭐⭐,BB Row,Size,Work Cap.,High-volume back builder.,Heavy rows with body English; high reps.,Watch Video,w_room,Weight Room,High-volume back builder.
96,T-Bar Row,Beg,Back,Low,3,12,--,60s,Mid-Back,⭐,None,Thickness,Strength,Mid-back thickness builder.,Bar in corner; pull to chest; neutral grip.,Watch Video,w_room,Weight Room,Mid-back thickness builder.
97,Scapular Shrug,Beg,Back,Low,3,15,--,30s,Scap. Health,⭐,None,Posture,Sh. Stability,Shoulder blade health/stability.,Arms straight; move blades together/apart.,Watch Video,w_room,Weight Room,Shoulder blade health/stability.
98,Face Pull (BB),Beg,Shoulders,Low,3,15,--,45s,Post. Chain,⭐,None,Sh. Health,Posture,Rear delt and trap health.,Pull toward forehead; flare elbows.,Watch Video,w_room,Weight Room,Rear delt and trap health.
99,W-Raise (BB),Beg,Shoulders,Low,3,15,--,30s,Rotator Cuff,⭐,None,Stability,Prehab,Rotator cuff and upper back.,"Raise bar so arms form a ""W.""",Watch Video,w_room,Weight Room,Rotator cuff and upper back.
100,Y-Raise (BB),Beg,Shoulders,Low,3,15,--,30s,Lower Trap,⭐,None,Stability,Scap. Move,Lower trap and shoulder health.,Raise bar forward and up at 45 deg.,Watch Video,w_room,Weight Room,Lower trap and shoulder health.
101,Viking Press,Inter,Shoulders,Med,3,10,--,90s,Strict Power,⭐⭐,LM Press,Power,Sh. Mass,Neutral grip overhead press.,Hold handles on LM; press overhead.,Watch Video,w_room,Weight Room,Neutral grip overhead press.
102,Seesaw Press,Inter,Shoulders,Med,3,12,--,60s,Coordination,⭐⭐,Sh. Press,Stability,Tension,Alternating overhead press.,One presses up as other lowers.,Watch Video,w_room,Weight Room,Alternating overhead press.
103,Waiter Curl,Beg,Biceps,Low,3,12,--,45s,Bicep Peak,⭐,BB Curl,Focus,Peak Detail,Targets bicep peak.,Hold bar on palms; curl with wrists out.,Watch Video,w_room,Weight Room,Targets bicep peak.
104,Floor Fly (BB),Inter,Chest,Low,3,15,--,60s,Chest Iso,⭐,None,Saftey,Pec Growth,Chest isolation with floor safety.,Fly on floor; floor stops arms at depth.,Watch Video,w_room,Weight Room,Chest isolation with floor safety.
105,Svend Press,Beg,Chest,Low,3,15,--,30s,Pec Tension,⭐,None,Squeeze,Definition,Chest squeeze and definition.,Pinch plates; press forward and back.,Watch Video,w_room,Weight Room,Chest squeeze and definition.
106,Chest Pull-Over,Inter,Lats/Chest,Low,3,12,--,60s,Stretch,⭐,None,Rib Cage,Lat Stretch,Stretches chest and engages lats.,Lie on bench; lower bar behind head.,Watch Video,w_room,Weight Room,Stretches chest and engages lats.
107,Zercher Deadlift,Adv,Hamstrings,High,3,5,--,150s,Core/Pull,⭐⭐⭐,Zercher Sq,Pure Power,Low Pull,Deep pull from the floor.,Bar in crooks of elbows; pull from floor.,Watch Video,w_room,Weight Room,Deep pull from the floor.
108,Deficit Deadlift,Adv,Hamstrings,Max,3,5,--,180s,Leg Drive,⭐⭐⭐,Deadlift,First Pull,Strength,Increases leg drive from floor.,Stand on plate; pull from lower position.,Watch Video,w_room,Weight Room,Increases leg drive from floor.
109,Block Pull,Inter,Lower Back,High,3,5,--,150s,Lockout,⭐⭐,Deadlift,Strength,Heavy Load,Targets the lockout phase.,Deadlift starting on blocks.,Watch Video,w_room,Weight Room,Targets the lockout phase.
110,Snatch Grip RDL,Inter,Hamstrings,Med,3,10,--,90s,Upper Bk/Ham,⭐⭐,RDL,Mobility,Ham. Size,Extra stretch for hamstrings.,Wide grip; perform RDL.,Watch Video,w_room,Weight Room,Extra stretch for hamstrings.
111,GM to Squat,Inter,Full Body,High,3,8,--,120s,Coordination,⭐⭐⭐,Good Morning,Functional,Athleticism,Posterior/Anterior chain combo.,Perform GM; transition into squat.,Watch Video,w_room,Weight Room,Posterior/Anterior chain combo.
112,Suitcase DL,Inter,Abs/Core,High,3,8ea,--,90s,Anti-Lateral,⭐⭐⭐,Deadlift,Core Stab.,Spine Health,Anti-lateral core stability.,Hold bar in one hand; deadlift level.,Watch Video,w_room,Weight Room,Anti-lateral core stability.
113,LM Windmill,Adv,Abs/Core,High,3,5ea,--,120s,Core Power,⭐⭐⭐,LM Press,Mobility,Oblique Pow,Oblique and shoulder power.,Hold bar overhead; hinge; touch floor.,Watch Video,w_room,Weight Room,Oblique and shoulder power.
114,BB Russian Twist,Beg,Abs,Low,3,15ea,--,45s,Rotational,⭐,None,Obliques,Core Speed,Rotational core power.,Sit with bar; rotate end side-to-side.,Watch Video,w_room,Weight Room,Rotational core power.
115,Woodchopper (BB),Beg,Abs,Low,3,12ea,--,45s,Diagonal,⭐,None,Core Force,Athleticism,Diagonal core movement using LM.,Rotate bar high to low across body.,Watch Video,w_room,Weight Room,Diagonal core movement using LM.
116,Weighted Crunch,Beg,Abs,Low,3,20,--,45s,Upper Ab,⭐,Crunch,Ab Size,Ab Strength,Upper ab isolation.,Lie on back; hold bar; crunch upward.,Watch Video,w_room,Weight Room,Upper ab isolation.
117,Leg Raise (Wght),Inter,Abs,Med,3,12,--,60s,Lower Ab,⭐⭐,Leg Raise,Core Brace,Strength,Lower ab isolation.,Bar between feet; lift to 90 deg.,Watch Video,w_room,Weight Room,Lower ab isolation.
118,Hollow Body Hold,Inter,Abs,Med,3,--,45s,45s,Static Stab.,⭐⭐,Plank,Gymnastic,Deep Core,Total core tension.,Hold light bar overhead in hollow body.,Watch Video,w_room,Weight Room,Total core tension.
119,Plank Row (BB),Adv,Abs/Back,High,3,8ea,--,90s,Elite Stab.,⭐⭐⭐,Plank,Balance,Core Brace,Core and back stability.,Plank on bar; row one side while balance.,Watch Video,w_room,Weight Room,Core and back stability.
120,Dead Bug (Wght),Beg,Abs,Low,3,12,--,45s,Spinal Stab.,⭐,None,Bracing,Coordination,Spinal stability.,Hold bar over chest; extend opposite leg.,Watch Video,w_room,Weight Room,Spinal stability.
121,Sissy Squat (BB),Adv,Quads,Med,3,10,--,90s,Quad Iso,⭐⭐⭐,Squat,Flexibility,Quad Growth,Pure quad isolation.,Hold bar; lean back; squat on toes.,Watch Video,w_room,Weight Room,Pure quad isolation.
122,Zercher Lunge,Adv,Quads,High,3,8ea,--,120s,Core/Leg,⭐⭐⭐,Zercher Sq,Stability,Power,Unilateral core/leg challenge.,Bar in elbows; perform lunges.,Watch Video,w_room,Weight Room,Unilateral core/leg challenge.
123,Cossack Squat,Inter,Quads,Med,3,10ea,--,90s,Lat. Mobility,⭐⭐,Lunge,Hip Flex,Lateral Pow,Lateral leg mobility and power.,Wide stance; sit deep into one side.,Watch Video,w_room,Weight Room,Lateral leg mobility and power.
124,Wall Sit (Wght),Beg,Quads,Low,3,--,60s,60s,Isometric,⭐,None,Endurance,Mental Tough,Isometric quad endurance.,Lean against wall; bar on lap for time.,Watch Video,w_room,Weight Room,Isometric quad endurance.
1,Bicep Curl,Beg,Biceps,Low,3,12,--,45s,Bicep Peak,⭐,None,Size,Definition,Standard bicep isolation.,Palms forward; curl to shoulders; elbows pinned.,Watch Video,w_room,,Standard bicep isolation.
2,Hammer Curl,Beg,Biceps,Low,3,12,--,45s,Long Head,⭐,None,Forearm Mass,Width,Targets brachialis and forearm width.,"Neutral grip; curl ""thumb-up"" to shoulder.",Watch Video,w_room,,Targets brachialis and forearm width.
3,Dumbbell Row,Beg,Back,Med,3,10ea,--,60s,Lat Thickness,⭐⭐,None,Posture,Pull Strength,Unilateral back builder.,One hand on bench; pull weight to hip.,Watch Video,w_room,,Unilateral back builder.
4,Bench Press,Beg,Chest,Med,4,10,--,90s,Chest Mass,⭐⭐,Push Up,Force Prod.,Stability,Stable compound chest press.,Lie flat; press weights; elbows at 45°.,Watch Video,w_room,,Stable compound chest press.
5,Shoulder Press,Beg,Shoulders,Med,3,10,--,60s,Vertical Pow,⭐⭐,None,Press Volume,Sh. Health,Overhead deltoid development.,Press from ear level to overhead; core tight.,Watch Video,w_room,,Overhead deltoid development.
6,Dumbbell Fly,Beg,Chest,Low,3,12,--,45s,Chest Stretch,⭐,Bench Press,Flexibility,Pec Detail,Isolates pectorals via a wide arc.,"Lower in arc until stretch; ""hug"" to center.",Watch Video,w_room,,Isolates pectorals via a wide arc.
7,Skullcrusher,Inter,Triceps,Low,3,12,--,45s,Tri Isolation,⭐,None,Arm Size,Lockout Pow,Targets the tricep long head.,Lie on bench; lower to forehead; extend.,Watch Video,w_room,,Targets the tricep long head.
8,Front Raise,Beg,Shoulders,Low,3,12,--,30s,Ant. Delt,⭐,None,Front Cap,Sh. Shape,Isolate the front shoulder.,Raise to shoulder height; do not swing.,Watch Video,w_room,,Isolate the front shoulder.
9,Seated Tri Press,Beg,Triceps,Low,3,12,--,45s,Long Head Ext,⭐,None,Arm Mass,Tricep Depth,Overhead tricep extension.,Sit; hold DB overhead; lower behind head.,Watch Video,w_room,,Overhead tricep extension.
10,Incline Bench,Inter,Chest,Med,3,10,--,60s,Upper Pec,⭐⭐,Bench Press,Front Delt,Upper Fill,Targets the clavicular head.,Bench at 45°; press from upper chest.,Watch Video,w_room,,Targets the clavicular head.
11,Dumbbell Lunge,Beg,Quads,Med,3,12ea,--,60s,Unilat. Legs,⭐⭐,Lunge,Balance,Step Power,Weighted lower body strength.,Step forward; back knee to floor; shin vertical.,Watch Video,w_room,,Weighted lower body strength.
12,Rear Delt Raise,Beg,Shoulders,Low,3,15,--,30s,Post. Chain,⭐,None,Posture,Sh. Health,Isolates back of the shoulder.,Hinge forward; pull weights out like wings.,Watch Video,w_room,,Isolates back of the shoulder.
13,Bent Over Row,Inter,Back,High,3,10,--,60s,Back Density,⭐⭐,DB Row,Bracing,Total Pull,Bilateral back thickness builder.,Hinge at hips; pull to waist; flat back.,Watch Video,w_room,,Bilateral back thickness builder.
14,Kickbacks,Beg,Triceps,Low,3,15ea,--,30s,Tri Squeeze,⭐,None,Definition,Detail,Focuses on the tricep contraction.,Hinge; elbow high; extend arm straight back.,Watch Video,w_room,,Focuses on the tricep contraction.
15,Romanian DL,Inter,Hamstrings,High,3,12,--,60s,Posterior Pow,⭐⭐⭐,Hinge,Ham. Stretch,Hip Snap,Foundational hip-hinge movement.,Hinge at hips; slide weights down legs.,Watch Video,w_room,,Foundational hip-hinge movement.
16,Shoulder Raise,Beg,Shoulders,Low,3,15,--,30s,Lat. Delt,⭐,None,Width,Sh. Cap,Medial deltoid isolation.,Raise to sides; lead with elbows.,Watch Video,w_room,,Medial deltoid isolation.
17,Seated Curl,Beg,Biceps,Low,3,12,--,45s,Strict Bicep,⭐,Bicep Curl,No Momentum,Peak Dev.,Removes leg drive from the curl.,Sit; perform curl; rotate wrists at top.,Watch Video,w_room,,Removes leg drive from the curl.
18,Dumbbell Squat,Beg,Quads,Med,3,15,--,60s,Leg Foundation,⭐⭐,Body Squat,Depth,Quad Volume,Beginner-friendly weighted squat.,Hold weights at sides; sit back on heels.,Watch Video,w_room,,Beginner-friendly weighted squat.
19,Concentrat. Curl,Beg,Biceps,Low,3,12ea,--,30s,Peak Isolation,⭐,Bicep Curl,Bicep Shape,Detail,Focuses on the bicep peak.,Sit; brace elbow on thigh; curl upward.,Watch Video,w_room,,Focuses on the bicep peak.
20,Dumbbell Shrug,Beg,Trapezius,Low,3,15,2s Hold,45s,Trap Height,⭐,None,Neck Health,Trapezius Dev,Upper trap isolation.,Hold at sides; lift shoulders to ears.,Watch Video,w_room,,Upper trap isolation.
21,Arnold Press,Inter,Shoulders,Med,3,10,--,60s,Full Delt,⭐⭐,Sh. Press,Range of Mot.,Sh. Health,Rotational overhead press.,Start palms in; rotate palms out as you press.,Watch Video,w_room,,Rotational overhead press.
22,Squat to Press,Inter,Full Body,High,4,10,--,90s,Full Power,⭐⭐⭐,Squat,Coordination,Athleticism,Explosive full-body movement.,Squat; use momentum to press overhead.,Watch Video,w_room,,Explosive full-body movement.
23,Lateral Raise,Beg,Shoulders,Low,3,15,--,30s,Side Delt,⭐,None,Width,Sh. Width,"Builds the ""cap"" of the shoulder.",Lift to sides; micro-bend in elbows.,Watch Video,w_room,,"Builds the ""cap"" of the shoulder."
24,Incline Curl,Inter,Biceps,Low,3,12,--,45s,Bicep Stretch,⭐,Bicep Curl,Range of Mot.,Long Head Dev,Increases the stretch on the bicep.,Sit on incline; let arms hang; curl up.,Watch Video,w_room,,Increases the stretch on the bicep.
25,Single Leg RDL,Inter,Hamstrings,High,3,10ea,--,60s,Balance/Hame,⭐⭐⭐,RDL,Ankle Stab.,Hip Control,Unilateral posterior chain work.,Balance on one leg; hinge; non-standing leg back.,Watch Video,w_room,,Unilateral posterior chain work.
26,Upright Row,Beg,Trapezius,Low,3,12,--,45s,Upper Back,⭐,None,Trap Growth,Sh. Volume,Pulls for traps and side delts.,Pull to chin; elbows pointing high.,Watch Video,w_room,,Pulls for traps and side delts.
27,1-Arm Tri Ext,Beg,Triceps,Low,3,12ea,--,30s,Symmetry,⭐,Tri Press,Balance,Unilat. Detail,Single-arm tricep isolation.,One weight overhead; lower behind head.,Watch Video,w_room,,Single-arm tricep isolation.
28,Cross Body Curl,Beg,Biceps,Low,3,12ea,--,45s,Brachialis,⭐,Hammer Curl,Bicep Peak,Forearm Str,Hits the outer bicep and brachialis.,Curl across chest toward opposite shoulder.,Watch Video,w_room,,Hits the outer bicep and brachialis.
29,Sumo Squat,Beg,Glutes/Quads,Med,3,15,--,60s,Inner Thigh,⭐⭐,Squat,Hip Mobility,Adductor Str,Wide-stance squat variation.,Wide stance; toes out; hold weights between legs.,Watch Video,w_room,,Wide-stance squat variation.
30,Back Fly,Inter,Shoulders,Low,3,15,--,45s,Rear Delt,⭐,None,Posture,Scap. Stability,Chest-supported rear delt work.,Lean on incline bench; reverse fly motion.,Watch Video,w_room,,Chest-supported rear delt work.
31,Incline Fly,Inter,Chest,Low,3,12,--,45s,Upper Pec Iso,⭐⭐,DB Fly,Upper Stretch,Pec Fibers,Targets upper chest fibers.,Bench at 45°; perform wide fly motion.,Watch Video,w_room,,Targets upper chest fibers.
32,Curl to Press,Inter,Shoulders,Med,3,12,--,60s,Coordination,⭐⭐,Bicep Curl,Fluidity,Combo Move,Bicep and shoulder compound move.,Bicep curl then transition into overhead press.,Watch Video,w_room,,Bicep and shoulder compound move.
33,Tricep Extension,Beg,Triceps,Low,3,12,--,45s,Overhead Ext,⭐,None,Arm Size,Tricep Shape,Bilateral overhead tricep work.,Hold one DB; lower behind neck; extend up.,Watch Video,w_room,,Bilateral overhead tricep work.
34,Squeeze Press,Inter,Chest,Med,3,10,--,60s,Inner Pec,⭐⭐,Bench Press,Chest Tension,Pec Squeeze,Constant tension chest press.,Press weights together; perform bench press.,Watch Video,w_room,,Constant tension chest press.
35,Floor Press,Inter,Chest,Low,3,12,--,60s,Lockout,⭐,Bench Press,Tri Power,Bench Assist,Targets the top half of the press.,Lie on floor; lower until elbows touch; press.,Watch Video,w_room,,Targets the top half of the press.
36,Incline Row,Inter,Back,Med,3,12,--,60s,Strict Pulling,⭐⭐,DB Row,No Cheat,Lat Isolation,Chest-supported back isolation.,Lie chest-down on incline; pull weights.,Watch Video,w_room,,Chest-supported back isolation.
37,Step Up,Beg,Quads,Med,3,10ea,--,60s,Unilat. Power,⭐⭐,Lunge,Balance,Leg Drive,Functional lower body movement.,Step on box; drive through heel to lift.,Watch Video,w_room,,Functional lower body movement.
38,Incline Hammer,Inter,Biceps,Low,3,12,--,45s,Stretch/Width,⭐⭐,Hammer Curl,Brachialis,Detail,Combination of stretch and neutral grip.,Seated on incline; use neutral grip to curl.,Watch Video,w_room,,Combination of stretch and neutral grip.
39,Standing Press,Inter,Shoulders,High,4,8,--,60s,Core Stability,⭐⭐⭐,Sh. Press,Bracing,Strict Power,Pure vertical pressing strength.,Perform shoulder press while standing.,Watch Video,w_room,,Pure vertical pressing strength.
40,Side Bend,Beg,Abs,Low,3,15ea,--,30s,Obliques,⭐,None,Core Balance,Lateral Str,Direct oblique isolation.,Lean to side with DB; pull back with obliques.,Watch Video,w_room,,Direct oblique isolation.
41,Stiff Legged DL,Inter,Hamstrings,High,3,12,--,60s,Ham. Tension,⭐⭐⭐,RDL,Flexibility,Ham. Size,Maximum tension on the hamstrings.,Legs straight; hinge until stretch; stand.,Watch Video,w_room,,Maximum tension on the hamstrings.
42,Dumbbell Clean,Adv,Hamstrings,Max,5,5,--,120s,Explosiveness,⭐⭐⭐,RDL,Power,Triple Ext.,Full-body explosive pull.,Explode from squat; catch at shoulders.,Watch Video,w_room,,Full-body explosive pull.
43,Hip Thrust,Inter,Glutes,Med,4,12,1s Hold,90s,Glute Power,⭐⭐⭐,Bridge,Hip Snap,Force Prod.,Peak glute isolation.,Back against bench; weight on hips; drive up.,Watch Video,w_room,,Peak glute isolation.
44,Bulgarian Split,Adv,Quads,High,4,8ea,--,90s,Elite Unilat.,⭐⭐⭐,Lunge,Hip Strength,Quad Detail,Advanced unilateral leg development.,Back foot on bench; squat with front leg.,Watch Video,w_room,,Advanced unilateral leg development.
45,Goblet Squat,Beg,Quads,Low,3,15,--,45s,Squat Pattern,⭐,None,Depth,Mobility,Teaches proper squat mechanics.,Hold DB at chest; squat; elbows inside knees.,Watch Video,w_room,,Teaches proper squat mechanics.
46,Glute Bridge,Beg,Glutes,Low,3,15,2s Hold,45s,Glute Active,⭐,None,Activation,Posterior Str,Floor-based glute isolation.,Lie on back; weight on hips; lift toward ceiling.,Watch Video,w_room,,Floor-based glute isolation.
47,Wide Curls,Beg,Biceps,Low,3,12,--,45s,Short Head,⭐,Bicep Curl,Bicep Width,Detail,Targets the inner head of the bicep.,Curl with arms flared out to the sides.,Watch Video,w_room,,Targets the inner head of the bicep.
48,Lat to Front,Inter,Shoulders,Med,3,12,--,60s,Coordination,⭐⭐,Lat. Raise,Sh. Endurance,Control,Multi-planar shoulder movement.,Lateral raise; move to front; lower.,Watch Video,w_room,,Multi-planar shoulder movement.
49,Alt. Bench,Inter,Chest,Med,3,10ea,--,60s,Stab./Tension,⭐⭐,Bench Press,Coordination,Time under T.,One arm stays up while other presses.,Hold both up; lower/press one at a time.,Watch Video,w_room,,One arm stays up while other presses.
50,Zottman Curl,Inter,Biceps,Low,3,12,--,45s,Forearm/Bi,⭐⭐,Bicep Curl,Grip Strength,Brachiorad.,Total arm development.,Curl palms up; rotate palms down to lower.,Watch Video,w_room,,Total arm development.
51,Seated Rear Delt,Beg,Shoulders,Low,3,15,--,30s,Post. Health,⭐,None,Posture,Scap. Control,Isolated rear deltoid work.,Sit at edge of bench; lean forward; fly.,Watch Video,w_room,,Isolated rear deltoid work.
52,Incl Squeeze Pr,Inter,Chest,Med,3,10,--,60s,Upper Inner,⭐⭐,Squeeze Press,Upper Pec,Definition,Upper chest tension focus.,Incline bench; press weights together.,Watch Video,w_room,,Upper chest tension focus.
53,Waiter Curls,Beg,Biceps,Low,3,12,--,45s,Peak Tension,⭐,Bicep Curl,Bracing,Bicep Shape,Focuses on the bicep peak.,Hold DB palms up under top plate; curl.,Watch Video,w_room,,Focuses on the bicep peak.
54,Wrist Curl (Up),Beg,Forearms,Low,3,20,--,30s,Flexor Str,⭐,None,Grip,Forearm Size,Direct inner forearm isolation.,Forearms on thighs; palms up; curl wrists up.,Watch Video,w_room,,Direct inner forearm isolation.
55,Decline Bench,Inter,Chest,Med,3,10,--,60s,Lower Pec,⭐⭐,Bench Press,Lower Pec Def,Press Power,Targets lower pectoral fibers.,Bench at downward angle; press weights.,Watch Video,w_room,,Targets lower pectoral fibers.
56,Single DB Sumo,Beg,Quads,Low,3,15,--,60s,Glute/Leg,⭐,Sumo Squat,Mobility,Leg Volume,Heavy single-weight leg work.,Hold DB by end between legs; wide squat.,Watch Video,w_room,,Heavy single-weight leg work.
57,Iron Cross,Adv,Shoulders,High,3,8,--,90s,Static Strength,⭐⭐⭐,Lateral Raise,Isometric Str,Elite Control,Extreme shoulder/leg stability.,Hold weights at side/shoulder height; squat.,Watch Video,w_room,,Extreme shoulder/leg stability.
58,Wrist Curl (Dn),Beg,Forearms,Low,3,20,--,30s,Extensor Str,⭐,None,Grip Health,Forearm Shape,Direct outer forearm isolation.,Forearms on thighs; palms down; curl up.,Watch Video,w_room,,Direct outer forearm isolation.
59,Reverse Curl,Beg,Biceps,Low,3,12,--,45s,Brachialis,⭐,Bicep Curl,Forearm Size,Grip,Overhand bicep curl.,Stand; palms-down grip; curl to shoulders.,Watch Video,w_room,,Overhand bicep curl.
60,Around Worlds,Inter,Chest,Low,3,12,--,45s,Mobility/Pec,⭐,None,Sh. Health,Pec Stretch,Chest mobility and pectoral work.,Move weights in arc from hips to overhead.,Watch Video,w_room,,Chest mobility and pectoral work.
1,KB Swing,Inter,Hamstrings,High,4,15-20,--,60s,Hip Power,⭐⭐⭐,Hinge,Hip Snap,Power Output,Explosive hinge for power and conditioning.,Hinge; snap hips to swing bell to chest height.,Watch Video,w_room,,Explosive hinge for power and conditioning.
2,KB Sumo Squat,Inter,Hamstrings,Med,3,12,--,45s,Inner Thigh,⭐⭐,Squat,Hip Mobility,Glute Volume,Wide-stance squat for inner thighs/glutes.,Feet wide; toes out; keep chest up; lower deep.,Watch Video,w_room,,Wide-stance squat for inner thighs/glutes.
3,Kettlebell Row,Beg,Back,Low,3,10ea,--,45s,Lat Stability,⭐,None,Posture,Pull Strength,Unilateral back builder for stability.,Hinge; back flat; pull bell to hip; brace core.,Watch Video,w_room,,Unilateral back builder for stability.
4,KB Upright Row,Beg,Shoulders,Low,3,12,--,30s,Trap Growth,⭐,None,Sh. Width,Trap Detail,Targets upper traps and lateral deltoids.,Pull handle to chin; elbows high; pull apart.,Watch Video,w_room,,Targets upper traps and lateral deltoids.
5,KB Alternating Row,Beg,Back,Low,3,12ea,--,45s,Back Volume,⭐,KB Row,Coordination,Back Thickness,High-volume row focusing on individual sides.,Switch hands at floor; keep back neutral.,Watch Video,w_room,,High-volume row focusing on individual sides.
6,Gorilla Rows,Inter,Back,Med,3,10ea,--,60s,Core/Lat,⭐⭐,KB Row,Core Bracing,Lat Density,Alternating row from a static deep hinge.,Wide stance; row one while pushing other down.,Watch Video,w_room,,Alternating row from a static deep hinge.
7,American Swing,Inter,Glutes,High,4,15,--,60s,OH Power,⭐⭐⭐,KB Swing,Sh. Mobility,CrossFit Prep,Full-range swing used in power drills.,Swing all the way overhead; keep core tight.,Watch Video,w_room,,Full-range swing used in power drills.
8,SL KB Deadlift,Inter,Hamstrings,High,3,10ea,--,60s,Balance,⭐⭐⭐,Deadlift,Ankle Stab.,Hinge Control,Elite balance and posterior chain isolation.,Balance on one leg; hinge while lowering bell.,Watch Video,w_room,,Elite balance and posterior chain isolation.
9,KB Goblet Squat,Inter,Quads,Med,4,12,--,60s,Posture,⭐⭐,Squat,Depth,Front Load,Best variation for teaching squat posture.,Hold at chest; elbows inside knees at bottom.,Watch Video,w_room,,Best variation for teaching squat posture.
10,KB Front Squat,Inter,Quads,Med,3,10ea,--,60s,Quad Focus,⭐⭐,Goblet Sq,Torso Angle,Symmetry,Unilateral focus with offset rack position.,"Hold in ""rack"" on forearm; maintain upright.",Watch Video,w_room,,Unilateral focus with offset rack position.
11,SA KB Swing,Inter,Hamstrings,Med,3,12ea,--,45s,Anti-Rotation,⭐⭐,KB Swing,Core Tension,Grip Strength,Adds anti-rotational demand to the swing.,Standard swing with one hand; resist twisting.,Watch Video,w_room,,Adds anti-rotational demand to the swing.
12,Alt. SA Swing,Adv,Hamstrings,High,4,20,--,60s,Coordination,⭐⭐⭐,SA Swing,Reflexes,Athleticism,Explosive coordination and core stability.,Switch hands in mid-air at the apex of swing.,Watch Video,w_room,,Explosive coordination and core stability.
13,Dual Front Squat,Inter,Quads,High,4,8,--,90s,Heavy Load,⭐⭐⭐,KB Front Sq,Bracing,Total Mass,Heavy bilateral quad and core strengthener.,Rack two bells; tuck elbows; sit deep.,Watch Video,w_room,,Heavy bilateral quad and core strengthener.
14,Sit Up and Press,Beg,Abs,Med,3,10,--,45s,Core Power,⭐⭐,Sit Up,Ab Strength,Sh. Stability,Combines core flexion with shoulder power.,Perform sit-up; press bell overhead at top.,Watch Video,w_room,,Combines core flexion with shoulder power.
15,Sumo High Pull,Inter,Trapezius,High,3,12,--,60s,Expl. Pull,⭐⭐⭐,Sumo Squat,Speed,Trap Power,Explosive pull from floor to shoulder.,Pull from floor to chin in one fluid motion.,Watch Video,w_room,,Explosive pull from floor to shoulder.
16,KB OH Press,Inter,Shoulders,Med,3,8ea,--,60s,Strict Power,⭐⭐,Press,Lockout,Sh. Stability,Vertical press with offset center of mass.,Press from rack; rotate palm; lock out.,Watch Video,w_room,,Vertical press with offset center of mass.
17,Kettlebell Halo,Beg,Shoulders,Low,3,10ea,--,30s,Mobility,⭐,None,Sh. Health,Range of Mot.,Dynamic mobility and core stability move.,Circle bell around head; keep core stiff.,Watch Video,w_room,,Dynamic mobility and core stability move.
18,KB Good Morning,Inter,Hamstrings,Med,3,12,--,45s,Hinge Stretch,⭐⭐,Hinge,Ham. Flex,Back Strength,Posterior chain stretch and strength.,Hold bell at chest; hinge hips back; soft knees.,Watch Video,w_room,,Posterior chain stretch and strength.
19,KB Power Clean,Inter,Hamstrings,High,4,8ea,--,60s,Catch Speed,⭐⭐⭐,KB Swing,Explosive,Field Power,Explosive move from floor to rack.,"Pull; rotate hand to ""catch"" bell at shoulder.",Watch Video,w_room,,Explosive move from floor to rack.
20,KB Windmill,Inter,Abs,High,3,8ea,--,60s,Oblique Pow,⭐⭐⭐,OH Press,Flexibility,T-Spine Mob.,Oblique strength and shoulder stability.,Bell OH; hinge hip out; reach toward floor.,Watch Video,w_room,,Oblique strength and shoulder stability.
21,Lunge w/ Rot.,Inter,Quads,Med,3,10ea,--,45s,Stability,⭐⭐,Lunge,Balance,Core Sync,Coordination-heavy leg and core move.,Step into lunge; rotate bell over front leg.,Watch Video,w_room,,Coordination-heavy leg and core move.
22,SA OH Lunge,Inter,Quads,High,3,8ea,--,60s,Elite Stab.,⭐⭐⭐,OH Press,Scap. Control,Vertical Path,Extreme stability for shoulders and core.,Bell locked OH; lunge with vertical arm.,Watch Video,w_room,,Extreme stability for shoulders and core.
23,SA Farmer Walk,Beg,Forearms,Med,3,--,40s Work,45s,Grip/Core,⭐,None,Grip Dur.,Anti-Lateral,Functional grip and anti-lateral core work.,Hold heavy bell; walk with perfect posture.,Watch Video,w_room,,Functional grip and anti-lateral core work.
24,SA KB Deadlift,Beg,Hamstrings,Med,3,10ea,--,45s,Bracing,⭐,Deadlift,Alignment,Core Tension,Teaches core bracing during heavy pulls.,Bell between feet; hinge and pull one-handed.,Watch Video,w_room,,Teaches core bracing during heavy pulls.
25,Turkish Get Up,Inter,Shoulders,Max,3,5ea,--,90s,Total Body,⭐⭐⭐,OH Press,Mobility,Elite Health,Total-body mobility and strength sequence.,Move floor to standing with bell locked OH.,Watch Video,w_room,,Total-body mobility and strength sequence.
26,Suitcase DL,Beg,Quads,Med,3,12ea,--,45s,Side Load,⭐,None,Level Hips,Core Bracing,Core-intensive pull with weight at side.,Bell at side; deadlift up; resist leaning.,Watch Video,w_room,,Core-intensive pull with weight at side.
27,KB Hang Clean,Inter,Hamstrings,High,4,8ea,--,60s,Hip Snap,⭐⭐⭐,KB Swing,Power,Triple Ext.,Explosive power starting from the hips.,Start at thighs; snap hips; catch in rack.,Watch Video,w_room,,Explosive power starting from the hips.
28,Clean and Jerk,Inter,Quads,Max,4,6ea,--,90s,Met-Con,⭐⭐⭐,KB Clean,Stamina,Expl. Force,Full-body explosive conditioning.,Clean to rack; dip and drive to lockout.,Watch Video,w_room,,Full-body explosive conditioning.
29,Kettlebell Jerk,Inter,Shoulders,High,3,8ea,--,60s,Drive Power,⭐⭐⭐,OH Press,Speed,Lockout,Uses leg drive for max overhead power.,Dip and drive; drop under bell to catch.,Watch Video,w_room,,Uses leg drive for max overhead power.
30,KB Thruster,Inter,Shoulders,Max,4,10,--,90s,Metabolic,⭐⭐⭐,Goblet Sq,Conditioning,Engine Build,Full goblet squat into overhead press.,Squat deep; explosively press as you stand.,Watch Video,w_room,,Full goblet squat into overhead press.
31,Bottoms-Up Press,Inter,Shoulders,High,3,8ea,--,60s,Stability,⭐⭐⭐,OH Press,Grip,Cuff Health,Extreme grip and shoulder stability challenge.,Hold bell upside down; press overhead.,Watch Video,w_room,,Extreme grip and shoulder stability challenge.
32,KB Calf Raise,Beg,Calves,Low,4,15,--,45s,Hypertrophy,⭐,None,Calf Size,Ankle Health,Weighted isolation for the lower legs.,Hold bells at sides; rise onto toes.,Watch Video,w_room,,Weighted isolation for the lower legs.
33,KB Snatch,Adv,Shoulders,Max,4,10ea,--,90s,High Speed,⭐⭐⭐,KB Swing,Power,Vertical Pull,High-intensity floor-to-overhead pull.,Swing; pull vertically; punch hand through.,Watch Video,w_room,,High-intensity floor-to-overhead pull.
34,Balance Goblet,Adv,Quads,High,3,10,--,60s,Propriocept.,⭐⭐⭐,Goblet Sq,Stability,Core Depth,Stability focus for the legs and core.,Goblet squat while on balance trainer.,Watch Video,w_room,,Stability focus for the legs and core.
35,Racked Rev Lunge,Inter,Quads,Med,3,10ea,--,60s,Offset Bal.,⭐⭐,Lunge,Symmetry,Hip Stab.,Offset balance for leg development.,Rack bell one side; lunge with opposite leg.,Watch Video,w_room,,Offset balance for leg development.
36,SA KB Press,Inter,Shoulders,Med,3,10ea,--,60s,Strict Power,⭐⭐,OH Press,Symmetry,Press Force,Standard unilateral shoulder strength.,Strict press from rack; engage lats.,Watch Video,w_room,,Standard unilateral shoulder strength.
37,Bottoms-Up Clean,Inter,Forearms,High,3,8ea,--,60s,Grip Control,⭐⭐⭐,KB Clean,Forearm Size,Wrist Stab.,Grip and forearm control movement.,Clean bell into vertical bottoms-up hold.,Watch Video,w_room,,Grip and forearm control movement.
38,SA Suitcase DL,Inter,Quads,Med,3,10ea,--,45s,Spinal Align.,⭐⭐,Suitcase DL,Anti-Lateral,Core Brace,Core bracing during a unilateral pull.,Keep spine vertical while pulling side bell.,Watch Video,w_room,,Core bracing during a unilateral pull.
39,SA OH Squat,Adv,Quads,Max,3,8ea,--,90s,Elite Mob.,⭐⭐⭐,SA OH Lunge,Flexibility,Total Control,Elite mobility and core stability move.,Deep squat while keeping arm vertical OH.,Watch Video,w_room,,Elite mobility and core stability move.
40,KB TGU (Alt),Inter,Shoulders,Max,3,5ea,--,90s,Sequence,⭐⭐⭐,OH Press,Mobility,Coordination,(Alt for 25) Total-body mobility sequence.,Same as TGU; focus on unique load path.,Watch Video,w_room,,(Alt for 25) Total-body mobility sequence.
41,KB Pistol Squat,Adv,Quads,Max,3,5ea,--,90s,Raw Strength,⭐⭐⭐,Squat,Balance,Elite Legs,Advanced unilateral leg strength.,Hold bell; squat deep on one leg.,Watch Video,w_room,,Advanced unilateral leg strength.
42,KB Toe Walks,Beg,Calves,Med,3,--,45s Work,45s,Endurance,⭐,None,Foot Strength,Functional,Functional calf endurance and strength.,Hold heavy bells; walk on balls of feet.,Watch Video,all,,Functional calf endurance and strength.
1,Alt. MB Push Up,Beg,Chest,Med,3,12,--,45s,Asym. Strength,⭐⭐,Push-up,Shoulder Stab.,Chest Balance,Push-up addressing strength imbalances.,One hand on ball; push up; roll ball to other hand.,Watch Video,all,,Push-up addressing strength imbalances.
2,MB Russian Twist,Beg,Abs,Low,3,20,--,30s,Oblique Eng.,⭐,None,Rotation,Core Endurance,Weighted rotational exercise for obliques.,"Sit, feet off floor; rotate ball side-to-side.",Watch Video,all,,Weighted rotational exercise for obliques.
3,Med Ball Slam,Beg,Back/Core,High,4,10,--,60s,Expl. Power,⭐⭐⭐,None,Power Output,Athletic Engine,High-intensity move for power/cardio.,Reach overhead; slam ball down using core/arms.,Watch Video,all,,High-intensity move for power/cardio.
4,Lunge w/ Twist,Inter,Glutes,Med,3,10ea,--,45s,Rot. Stability,⭐⭐,Lunge,Balance,Kinetic Chain,Lower body strength with rotational stability.,Lunge forward; twist ball over front leg.,Watch Video,all,,Lower body strength with rotational stability.
5,MB Superman,Inter,Low Back,Med,3,12,2s Hold,45s,Post. Chain,⭐⭐,Superman,Back Health,Posture Hold,Weighted extension for posterior chain.,Lie face down; hold ball; lift arms and legs.,Watch Video,all,,Weighted extension for posterior chain.
6,Partner Twist,Beg,Abs,Low,3,20,--,30s,Coordination,⭐,None,Teamwork,Core Control,Social drill for rotational strength.,Back-to-back; pass ball side-to-side in circle.,Watch Video,all,,Social drill for rotational strength.
7,MB Push Up,Beg,Chest,Med,3,10,--,45s,Stability,⭐⭐,Push-up,Wrist Strength,Core Shield,Increases instability for stabilizers.,Both hands on ball; elbows tucked; lower chest.,Watch Video,all,,Increases instability for stabilizers.
8,MB Hip Thrusts,Beg,Glutes,Low,3,15,--,45s,Glute Iso,⭐,Bridge,Hip Extension,Glute Active,Weighted bridge for glute isolation.,Shoulders on bench; ball on hips; drive up.,Watch Video,all,,Weighted bridge for glute isolation.
9,MB SL RDL,Inter,Hamstrings,High,3,10ea,--,60s,Balance,⭐⭐⭐,RDL,Ankle Stab.,Hinge Control,Unilateral balance and hamstring stretch.,Hinge on one leg; lower ball; keep back flat.,Watch Video,all,,Unilateral balance and hamstring stretch.
10,MB Romanian DL,Beg,Hamstrings,Med,3,12,--,45s,Hinge Found.,⭐⭐,None,Hinge Pattern,Ham. Flexibility,Foundation hinge with added resistance.,Hinge hips back; lower ball to mid-shins.,Watch Video,all,,Foundation hinge with added resistance.
11,MB Glute Bridge,Beg,Glutes,Low,3,15,--,30s,Glute Strength,⭐,None,Pelvic Align.,Glute Pump,Floor-based glute and core strengthener.,Lie on back; ball on hips; lift hips to ceiling.,Watch Video,all,,Floor-based glute and core strengthener.
12,Wall Ball,Inter,Quads,High,4,12,--,90s,Conditioning,⭐⭐⭐,Squat,Full Body Synch,Stamina,Explosive full-body movement.,Squat; explosively throw ball to wall target.,Watch Video,all,,Explosive full-body movement.
13,Partner Chest Pass,Beg,Chest,High,3,15,--,60s,Upper Power,⭐⭐,None,Reaction Time,Pass Velocity,Upper body explosive power/coordination.,Push ball from chest explosively to partner.,Watch Video,all,,Upper body explosive power/coordination.
14,MB Leg Crunch,Inter,Abs,Med,3,15,--,45s,Ab Activation,⭐⭐,Crunch,Hip Flexor Str.,Midsection Mass,Combines upper and lower ab activation.,Ball between feet; crunch knees and chest.,Watch Video,all,,Combines upper and lower ab activation.
15,MB OH Sit Up,Adv,Abs,High,3,10,--,60s,Long-Lever,⭐⭐⭐,Sit Up,Core Bracing,Ab Definition,Core move with long-lever resistance.,Sit-up while keeping ball locked out overhead.,Watch Video,all,,Core move with long-lever resistance.
16,MB Reverse Lunge,Inter,Glutes,Med,3,12ea,--,45s,Weighted Lunge,⭐⭐,Lunge,Knee Tracking,Unilat. Power,Glute-focused weighted lunge.,Step back into lunge; drive through front heel.,Watch Video,all,,Glute-focused weighted lunge.
17,Medicine Ball Lunge,Beg,Quads,Low,3,12ea,--,45s,Quad Load,⭐,None,Torso Upright,Leg Volume,Classic lunge with front-load weight.,Step forward; hold ball at chest; squat.,Watch Video,all,,Classic lunge with front-load weight.
18,MB Curtsy Lunge,Inter,Glutes,Med,3,12ea,--,45s,Hip Stability,⭐⭐,Lunge,Glute Medius,Lateral Bal.,Weighted move for glutes and stability.,Step foot behind and across; hold ball at chest.,Watch Video,all,,Weighted move for glutes and stability.
19,Balance OH Crunch,Inter,Abs,Med,3,15,--,45s,Instability,⭐⭐,Crunch,Deep Core,Balance,Core engagement via BOSU instability.,Lie on BOSU; hold ball overhead; crunch up.,Watch Video,all,,Core engagement via BOSU instability.
20,MB Side Lunge,Beg,Quads,Low,3,10ea,--,45s,Lateral Mot.,⭐,None,Hip Range,Lat. Speed,Lateral movement for quads and obliques.,Step wide to side; sit into hip; hold ball.,Watch Video,all,,Lateral movement for quads and obliques.
21,SL Bridge Squeeze,Inter,Glutes,Med,3,12ea,--,45s,Adductor Iso,⭐⭐,Bridge,Pelvic Stab.,Inner Thigh Str,Unilateral glute and adductor isolation.,One-leg bridge; squeeze ball between knees.,Watch Video,all,,Unilateral glute and adductor isolation.
22,MB OH Lunge,Inter,Quads,High,3,10ea,--,60s,OH Stability,⭐⭐⭐,OH Press,Scap. Control,Core Bracing,Advanced shoulder and core stability.,Hold ball overhead; step forward into lunge.,Watch Video,all,,Advanced shoulder and core stability.
23,Sit Up w/ Toss,Inter,Abs,High,3,12,--,60s,Dynamic Power,⭐⭐⭐,Sit Up,Coordination,Expl. Core,Dynamic coordination and power move.,Sit up; toss ball; catch on way down.,Watch Video,all,,Dynamic coordination and power move.
24,MB Squat,Inter,Quads,Med,3,15,--,45s,Front Load,⭐⭐,Squat,Depth,Quad Drive,Standard squat with front-loaded weight.,Hold ball at chest; squat deep; core tight.,Watch Video,all,,Standard squat with front-loaded weight.
25,Partner Sit Up,Beg,Abs,Med,3,15,--,45s,Core Cond.,⭐⭐,Sit Up,Rhythm,Endurance,Partner-based core conditioning.,"Toss ball during ""up"" phase of sit-up.",Watch Video,all,,Partner-based core conditioning.
26,Partner Russian,Beg,Abs,Low,3,20,--,30s,Oblique Pass,⭐,Russian Tw.,Coordination,Speed,Oblique work with coordination.,Pass ball to partner while twisting side-to-side.,Watch Video,all,,Oblique work with coordination.
27,Partner Squat/Thr,Beg,Quads,High,3,12,--,60s,Total Power,⭐⭐,Squat,Triple Ext.,Reaction,Fast-paced lower body power move.,Squat; explosively throw; catch and descend.,Watch Video,all,,Fast-paced lower body power move.
28,Partner Roll PU,Inter,Chest,High,3,10ea,--,60s,Team Stability,⭐⭐⭐,MB Push Up,Control,Athleticism,Advanced stability and teamwork drill.,Push-up; roll ball to partner; they push-up.,Watch Video,all,,Advanced stability and teamwork drill.
1,Cable Crossover,Beg,Chest,Low,3,12-15,--,45s,Pec Isolation,⭐,None,Chest Squeeze,Mind-Muscle,Constant tension for pectoral muscles.,Stand center; pull in wide arc to meet in front.,Watch Video,w_room,,Constant tension for pectoral muscles.
2,Low Cable Fly,Inter,Chest,Med,3,12,--,45s,Upper Pec,⭐⭐,Crossover,Upper Fill,Fiber Recruit,Emphasizes upper-to-mid chest fibers.,Pulleys at bottom; pull upward toward chin.,Watch Video,w_room,,Emphasizes upper-to-mid chest fibers.
3,Rear Delt Fly,Beg,Shoulders,Low,3,15,--,30s,Post. Health,⭐,None,Posture,Scap. Stability,Isolates rear delts and improves posture.,Cross cables; pull arms back horizontally.,Watch Video,w_room,,Isolates rear delts and improves posture.
4,Cable Press,Beg,Chest,Med,3,10,--,60s,Press Stability,⭐⭐,Push-up,Bracing,Force Prod.,Stable compound press for chest/triceps.,Staggered stance; press forward like bench.,Watch Video,w_room,,Stable compound press for chest/triceps.
5,Mid Crossover,Beg,Chest,Low,3,12,--,45s,Sternal Pec,⭐,None,Pec Width,Mid-Chest Mass,Targets the middle portion of the pecs.,Pulleys at chest height; pull to sternum.,Watch Video,w_room,,Targets the middle portion of the pecs.
6,Cable Shrugs,Inter,Trapezius,Med,4,12-15,--,60s,Trap Density,⭐⭐,BB Shrug,Neck Health,Trap Height,Heavy isolation with vertical tension.,Use straight bar; shrug to ears; arms straight.,Watch Video,w_room,,Heavy isolation with vertical tension.
7,Double Bi Curl,Beg,Biceps,Low,3,12,--,45s,Bicep Peak,⭐,BB Curl,Flex Control,Bicep Width,"High-pulley curl mimicking ""front double bicep.""",Pulleys at shoulder height; curl toward ears.,Watch Video,w_room,,"High-pulley curl mimicking ""front double bicep."""
8,Cable Sh. Press,Beg,Shoulders,Med,3,10,--,60s,Overhead Pow,⭐⭐,DB Press,Stability,Vertical Drive,Smooth overhead press with consistent resistance.,Press from shoulders to full lockout.,Watch Video,w_room,,Smooth overhead press with consistent resistance.
9,SA Low Fly,Beg,Chest,Low,3,12ea,--,30s,Symmetry,⭐,Low Fly,Core Brace,Pec Balance,Unilateral isolation for chest asymmetry.,One low pulley; pull across to opposite shoulder.,Watch Video,w_room,,Unilateral isolation for chest asymmetry.
10,X-Over Lat Down,Inter,Back,High,3,10,--,60s,Lat Width,⭐⭐⭐,Pulldown,Lat Active,Back Depth,Enhanced range for lat width and depth.,Kneel; cross arms for handles; pull to ribs.,Watch Video,w_room,,Enhanced range for lat width and depth.
11,Incline Bench Fly,Inter,Chest,Low,3,12,--,45s,Upper Isolation,⭐⭐,Incline Press,Bench Steady,Upper Pec Pop,Precision isolation for upper pectorals.,Lie on incline bench; pull handles above face.,Watch Video,w_room,,Precision isolation for upper pectorals.
12,Flat Bench Fly,Inter,Chest,Low,3,12,--,45s,Chest Mass,⭐⭐,Bench Press,Squeeze Power,Pec Thickness,Stable isolation for chest mass/strength.,Lie on flat bench; pull handles in wide arc.,Watch Video,w_room,,Stable isolation for chest mass/strength.
13,Balance Crunch,Beg,Abs,Med,3,15,--,45s,Core/Oblique,⭐⭐,Cable Crunch,Stability,Anti-Lateral,Combines stability with oblique side bends.,Kneel on balance trainer; crunch then bend side.,Watch Video,w_room,,Combines stability with oblique side bends.
1,Shoulder Squeeze,Beg,Back,Low,3,15,2s Hold,30s,Posture,⭐,None,Scap. Control,Upper Bk Density,High-tension isolation for upper back.,Pull band apart to chest; squeeze scapula.,Watch Video,all,,High-tension isolation for upper back.
2,Stnd. Tricep Ext,Beg,Triceps,Low,3,12,--,30s,Arm Def.,⭐,None,Full Lockout,Tricep Shape,Vertical extension for arm definition.,Extend arm downward against band tension.,Watch Video,all,,Vertical extension for arm definition.
3,Bicep Curl,Beg,Biceps,Low,3,12,--,30s,Bicep Peak,⭐,None,Strict Reps,Peak Tension,Progressive resistance for bicep peaks.,Step on band; curl to shoulders; elbows pinned.,Watch Video,all,,Progressive resistance for bicep peaks.
4,Bent Over Row,Beg,Back,Med,3,10,--,45s,Back Thick,⭐⭐,None,Flat Back,Pull Strength,Compound pull for thickness and posture.,Hinge forward; pull band ends to hips.,Watch Video,all,,Compound pull for thickness and posture.
5,Good Morning,Beg,Hamstrings,Med,3,12,--,45s,Hinge Load,⭐⭐,Hinge,Hip Mobility,Hame String Size,Hinge move with peak tension at the top.,Band over neck/under feet; hinge at hips.,Watch Video,all,,Hinge move with peak tension at the top.
6,SA Tricep Ext,Beg,Triceps,Low,3,12ea,--,30s,Symmetry,⭐,Tricep Ext,Arm Balance,Unilat. Detail,Unilateral isolation to fix imbalances.,Anchor at shoulder; extend one arm to lockout.,Watch Video,all,,Unilateral isolation to fix imbalances.
7,Hammer Curl,Beg,Biceps,Low,3,12,--,30s,Brachialis,⭐,Bicep Curl,Grip Strength,Forearm Mass,Targets brachialis and forearm width.,Palms-in grip; curl toward shoulders.,Watch Video,all,,Targets brachialis and forearm width.
8,Seated Row,Beg,Back,Low,3,15,--,45s,Mid-Back,⭐,None,Posture,Scap. Health,Horizontal pull with end-range squeeze.,Sit with legs out; loop on feet; pull to torso.,Watch Video,all,,Horizontal pull with end-range squeeze.
9,Assisted Pull Up,Beg,Back,High,4,8,--,60s,Pull Power,⭐⭐⭐,None,First Rep,High Volume,Uses band to reduce bodyweight load.,Loop on bar and foot; perform pull-up.,Watch Video,all,,Uses band to reduce bodyweight load.
10,Side Step,Beg,Glutes,Med,3,15ea,--,30s,Hip Stab.,⭐⭐,None,Knee Track,Lateral Speed,Lateral move for hip/abductor stability.,Band at ankles; half-squat; step sideways.,Watch Video,all,,Lateral move for hip/abductor stability.
11,Lat Pulldown,Beg,Back,Low,3,15,--,45s,Lat Width,⭐,None,Scap. Pull,Lat Activation,Mimics machine pull for lat width.,Hold overhead; pull elbows down to ribs.,Watch Video,all,,Mimics machine pull for lat width.
12,Resisted Push Up,Beg,Chest,Med,3,10,--,60s,Chest Power,⭐⭐,Push Up,Force Prod.,Explosive Push,Adds variable resistance to chest press.,Band across back; perform standard push-up.,Watch Video,all,,Adds variable resistance to chest press.
13,Glute Kickback,Beg,Glutes,Low,3,15ea,--,30s,Glute Shape,⭐,None,Hip Extension,Glute Activation,Isolation move for glute shaping.,On all fours; kick foot back against band.,Watch Video,all,,Isolation move for glute shaping.
14,Face Pull,Beg,Shoulders,Low,3,15,--,30s,Rear Delt,⭐,None,Shoulder Health,Postural Setup,Rear delt and upper back health.,Pull to forehead; flare elbows out.,Watch Video,all,,Rear delt and upper back health.
15,Stnd. Chest Press,Beg,Chest,Med,3,12,--,45s,Stab./Chest,⭐⭐,None,Core Bracing,Press Control,Standing press for chest and stability.,Anchor behind; press forward at chest height.,Watch Video,all,,Standing press for chest and stability.
16,Sh. Ext. Rotation,Beg,Shoulders,Low,3,15,--,30s,Cuff Health,⭐,None,Sh. Stability,Injury Prev.,Rotator cuff stability and health.,Elbows at 90°; rotate hands outward.,Watch Video,all,,Rotator cuff stability and health.
17,Hip Adduction,Beg,Adductors,Low,3,15ea,--,30s,Inner Thigh,⭐,None,Hip Balance,Groin Strength,Inner thigh strengthening.,Pull banded leg across the body midline.,Watch Video,all,,Inner thigh strengthening.
18,Standing Ab Twist,Beg,Abs,Med,3,12ea,--,45s,Rotation,⭐⭐,None,Oblique Str.,Core Speed,Rotational core strength and obliques.,Hold at chest; rotate torso side-to-side.,Watch Video,all,,Rotational core strength and obliques.
19,Hip Abduction,Beg,Abductors,Low,3,15ea,--,30s,Outer Hip,⭐,None,Pelvic Stab.,Hip Strength,Outer hip and glute medius isolation.,Lift banded leg out to side; keep hips level.,Watch Video,all,,Outer hip and glute medius isolation.
20,Overhead Stretch,Beg,Shoulders,Low,2,--,60s,--,Mobility,⭐,None,Range of Mot.,Recovery,Mobility move for shoulder range.,Hold wide overhead; move arms back and forth.,Watch Video,all,,Mobility move for shoulder range.
21,Incline Press,Beg,Chest,Med,3,12,--,45s,Upper Pec,⭐⭐,Chest Press,Front Delt Str.,Upper Chest Dev,Targets upper pectorals and front delts.,Anchor low; press forward/upward at 45°.,Watch Video,all,,Targets upper pectorals and front delts.
22,Assisted Chin Up,Beg,Back,High,4,8,--,60s,Bicep/Back,⭐⭐⭐,None,Pullup Prep,Volume Pull,Underhand grip assisted pull-up.,Palms facing you; use band to assist.,Watch Video,all,,Underhand grip assisted pull-up.
23,Decline Press,Beg,Chest,Med,3,12,--,45s,Lower Pec,⭐⭐,Chest Press,Pec Def.,Press Power,Targets lower pectoral fibers.,Anchor high; press handles down toward hips.,Watch Video,all,,Targets lower pectoral fibers.
24,SA Incline Press,Beg,Chest,Med,3,10ea,--,45s,Unilat. Pow,⭐⭐,Incline Press,Core Bracing,Symmetry,Unilateral upper chest isolation.,Press upward with one arm; stay square.,Watch Video,all,,Unilateral upper chest isolation.
25,Ext. Rot (90°),Beg,Shoulders,Low,3,12ea,--,30s,Cuff/Post.,⭐,Sh. Ext Rot,Overhead Stab.,Sh. Health,High-position rotator cuff work.,Arm at shoulder height; rotate forearm up.,Watch Video,all,,High-position rotator cuff work.
26,Romanian DL,Beg,Hamstrings,Med,3,15,--,45s,Post. Chain,⭐⭐,Hinge,Ham. Stretch,Hip Snap,Hip-hinge for posterior chain strength.,Hinge at hips; flat back; snap hips forward.,Watch Video,all,,Hip-hinge for posterior chain strength.
27,High Pull,Beg,Shoulders,Med,3,12,--,45s,Trap/Delt,⭐⭐,None,Explosiveness,Sh. Width,Compound pull for delts and traps.,Pull to chin; elbows stay above wrists.,Watch Video,all,,Compound pull for delts and traps.
28,Deadlift,Beg,Hamstrings,High,4,10,--,60s,Pull Found.,⭐⭐⭐,Hinge,Base Strength,Floor Power,Foundational pull for legs and back.,Squat/hinge; stand up to full lockout.,Watch Video,all,,Foundational pull for legs and back.
29,Seated Sh. Press,Beg,Shoulders,Low,3,12,--,45s,Delt Iso,⭐,None,Press Vol.,Strict Power,Isolated vertical press for deltoids.,Sit on band; press ends directly overhead.,Watch Video,all,,Isolated vertical press for deltoids.
30,Back Squat,Beg,Quads,Med,4,12,--,60s,Leg Mass,⭐⭐,Body Squat,Squat Depth,Leg Power,Compound leg move; variable tension.,Band over traps/under feet; deep squat.,Watch Video,all,,Compound leg move; variable tension.
31,Negative Pull Up,Beg,Back,High,3,5,5s Down,90s,Ecc. Strength,⭐⭐⭐,None,Pullup First,Strength Build,Focuses on the eccentric lowering phase.,Jump to top; lower slowly with band help.,Watch Video,all,,Focuses on the eccentric lowering phase.
32,Int. Rotation 90°,Beg,Shoulders,Low,3,15ea,--,30s,Cuff Strength,⭐,None,Sh. Integrity,Injury Prev.,Functional rotator cuff strength.,Arm at shoulder height; rotate forearm down.,Watch Video,all,,Functional rotator cuff strength.
33,Single Arm Fly,Beg,Chest,Low,3,12ea,--,30s,Chest Stretch,⭐,None,Pec Isolation,Squeeze,Unilateral isolation for chest stretch.,Pull arm across chest in arc; arm straight.,Watch Video,all,,Unilateral isolation for chest stretch.
34,Sh. Int. Rotation,Beg,Shoulders,Low,3,15ea,--,30s,Cuff Health,⭐,None,Stabilizers,Prehab,Internal rotator strength for prevention.,Elbow at side; pull hand inward to stomach.,Watch Video,all,,Internal rotator strength for prevention.
35,Front Squat,Beg,Quads,Med,3,12,--,60s,Core/Quads,⭐⭐,Back Squat,Upright Torso,Quad Drive,Quad-dominant squat variation.,Band across front of delts; elbows high.,Watch Video,all,,Quad-dominant squat variation.
36,Wide Grip Pull Up,Beg,Back,High,3,8,--,60s,Lat Focus,⭐⭐⭐,Pull Up,Back Width,Vertical Pull,Targets outer lats for back width.,Wide overhand grip; pull chest to bar.,Watch Video,all,,Targets outer lats for back width.
37,Sumo Deadlift,Beg,Quads,High,3,12,--,60s,Inner Thigh,⭐⭐,Deadlift,Glute Power,Wide Base,Wide-stance pull for inner thighs/glutes.,Wide feet; toes out; pull from center.,Watch Video,all,,Wide-stance pull for inner thighs/glutes.
38,Push Up on Knees,Beg,Chest,Low,3,15,--,45s,Push Found.,⭐,None,Chest Endur.,Volume,Regressed push-up with resistance.,On knees; band across back; press control.,Watch Video,all,,Regressed push-up with resistance.
39,OH Pull Apart,Beg,Back,Low,3,15,--,30s,Scap. Stab.,⭐,None,Posture,Upper Bk Health,Scapular stability and rear delt move.,Pull band apart starting from overhead.,Watch Video,all,,Scapular stability and rear delt move.
40,Superman Press,Beg,Lower Back,Med,3,12,--,45s,Post. Chain,⭐⭐,None,Back Arch,Stability,Advanced posterior chain stability.,Lift chest/legs; press band forward.,Watch Video,all,,Advanced posterior chain stability.
41,Negative Chin Up,Beg,Back,High,3,5,5s Down,90s,Ecc. Strength,⭐⭐⭐,None,Chin Up Prep,Pull Strength,Eccentric underhand back work.,Jump to top; lower slowly with band.,Watch Video,all,,Eccentric underhand back work.
42,Squat to Press,Beg,Quads,High,3,10,--,60s,Coordination,⭐⭐⭐,Squat,Total Power,Athleticism,Full-body coordination and power.,Perform squat; press overhead as you stand.,Watch Video,all,,Full-body coordination and power.
43,Underhand Front,Beg,Shoulders,Low,3,12,--,45s,Ant. Delt,⭐,None,Sh. Shape,Front Cap,Anterior delt isolation.,Palms up; lift arms to shoulder height.,Watch Video,all,,Anterior delt isolation.
44,Single Arm Row,Beg,Back,Low,3,12ea,--,30s,Lat Symmetry,⭐,Row,Anti-Rotation,Lat Focus,Unilateral horizontal pull.,One hand rows; core stabilizes vs twist.,Watch Video,all,,Unilateral horizontal pull.
45,Straight-Arm Down,Beg,Back,Low,3,15,--,45s,Lat Iso,⭐,None,Scap. Control,Lat Active,Lat isolation without bicep involvement.,Arms straight; pull from overhead to thighs.,Watch Video,all,,Lat isolation without bicep involvement.
46,Pulse Lunge,Beg,Quads,Med,3,20,--,45s,Quad Endur.,⭐⭐,Lunge,Time/Tension,Leg Pump,High-tension quad endurance.,Half-squat lunge; 2-3 inch up/down bounce.,Watch Video,all,,High-tension quad endurance.
47,Banded Y Fly,Beg,Back,Low,3,15,--,30s,Lower Trap,⭐,OH Stretch,Posture,Scap. Health,Targets lower traps and rear delts.,"Raise arms into ""Y"" shape against band.",Watch Video,all,,Targets lower traps and rear delts.
48,Seated SA Row,Beg,Back,Low,3,12ea,--,30s,Lat Isolation,⭐,Row,Symmetry,Detail,Focused unilateral back thickness.,Seated; row one arm to address imbalances.,Watch Video,all,,Focused unilateral back thickness.
49,SA Archer Pull,Beg,Shoulders,Low,3,12ea,--,30s,Unilat. Pull,⭐,None,Coordination,Sh. Power,Unilateral pull mimicking bow draw.,One arm straight; other pulls back to ear.,Watch Video,all,,Unilateral pull mimicking bow draw.
50,Pallof Press/Twst,Beg,Abs,Med,3,10ea,--,45s,Anti-Rot.,⭐⭐,None,Core Stability,Oblique Power,Anti-rotation core stability with twist.,Press band forward; rotate away.,Watch Video,all,,Anti-rotation core stability with twist.
51,Kneeling Pallof,Beg,Abs,Low,3,12ea,--,45s,Oblique Stab.,⭐,None,Core Bracing,Stability,Focused oblique stabilization.,Both knees down; press; resist pull.,Watch Video,all,,Focused oblique stabilization.
52,Banded Leg Drive,Beg,Quads,High,3,10ea,--,60s,Speed Power,⭐⭐⭐,None,Sprint Mech.,Explosiveness,Explosive lower body power.,Drive knee forward/up against band.,Watch Video,all,,Explosive lower body power.
53,Leg Press,Beg,Quads,Low,3,20,--,45s,Leg Volume,⭐,None,Quad Endur.,Hypertrophy,Machine-free leg strengthening.,Lie on back; push band away with feet.,Watch Video,all,,Machine-free leg strengthening.
54,Stnd Ham. Curl,Beg,Hamstrings,Low,3,15ea,--,30s,Ham. Iso,⭐,None,Knee Health,Ham. Shape,Standing isolation for back of legs.,Curl heel to glute; knees aligned.,Watch Video,all,,Standing isolation for back of legs.
55,Kneeling DL,Beg,Hamstrings,Low,3,15,--,45s,Glute/Hinge,⭐,Hinge,Hip Drive,Recovery Pull,Glute/hinge for limited mobility.,Kneeling; hinge back and drive hips.,Watch Video,all,,Glute/hinge for limited mobility.
56,Pallof Walk Out,Beg,Abs,High,3,--,30s,60s,Dynamic Core,⭐⭐⭐,Pallof Press,Core Force,Anti-Rot. Str,Dynamic anti-rotation stability.,Hold pressed band; walk sideways away.,Watch Video,all,,Dynamic anti-rotation stability.
57,Supine Pallof,Beg,Abs,Med,3,12,--,45s,Low Bk Prot.,⭐⭐,None,Bracing,Core Depth,Core stability with low back support.,Lying on back; press band upward.,Watch Video,all,,Core stability with low back support.
58,Leg Extension,Beg,Quads,Low,3,20ea,--,30s,Quad Iso,⭐,None,Knee Stab.,Detail,Isolation for the quadriceps.,Seated; extend leg straight against band.,Watch Video,all,,Isolation for the quadriceps.
59,Prone Ham. Curl,Beg,Hamstrings,Low,3,15,--,45s,Ham. Volume,⭐,None,Ham. Health,Size,Lying isolation for leg curls.,Face down; curl heels toward glutes.,Watch Video,all,,Lying isolation for leg curls.
60,Hip Thrust,Beg,Glutes,Med,4,12,--,60s,Glute Power,⭐⭐,Bridge,Hip Snap,Force Prod.,Peak glute contraction move.,Hips drive up; band adds top tension.,Watch Video,all,,Peak glute contraction move.
61,Lunge Pallof,Inter,Abs,High,3,10ea,--,60s,Stab./Legs,⭐⭐⭐,Lunge,Coordination,Dynamic Stab.,Compound stability and leg move.,Lunge down while pressing band.,Watch Video,all,,Compound stability and leg move.
62,Bulgarian Sq,Inter,Quads,High,3,8ea,--,60s,Unilat. Pow,⭐⭐⭐,Lunge,Hip Strength,Quad Detail,Advanced unilateral leg power.,Back foot elevated; band adds tension.,Watch Video,all,,Advanced unilateral leg power.
63,Plank Row,Beg,Abs,Med,3,10ea,--,45s,Core/Back,⭐⭐,Plank,Anti-Rot.,Stability,Core stability plus horizontal pull.,In plank; row one side; keep hips level.,Watch Video,all,,Core stability plus horizontal pull.
64,Side Plank Row,Beg,Abs,Med,3,12ea,--,45s,Oblique/Back,⭐⭐,Side Plank,Core Tie-in,Lateral Stab.,Oblique and back integration.,Side plank; row band with top arm.,Watch Video,all,,Oblique and back integration.
65,Partner Rev Leg,Beg,Glutes,Low,3,15,--,45s,Team/Glute,⭐,None,Funct. Range,Recovery,Assisted glute and hamstring work.,Partner provides resistance for lifts.,Watch Video,all,,Assisted glute and hamstring work.
66,Partner Sprint,Beg,Quads,High,4,--,15s Sprints,90s,Speed Power,⭐⭐⭐,None,Sprint Force,Acceleration,Explosive speed and power drill.,Sprint forward; partner pulls back.,Watch Video,all,,Explosive speed and power drill.
67,Partner Chest Pr,Beg,Chest,Low,3,12,--,45s,Dynamic Res.,⭐,None,Stability,Coordination,Dynamic social strength training.,Partners press vs each other's resistance.,Watch Video,all,,Dynamic social strength training.
68,Partner Twist,Beg,Abs,Med,3,10ea,--,45s,Core Comp.,⭐⭐,None,Oblique Str.,Anti-Rot.,Competitive core rotation.,Partners try to pull each other off twist.,Watch Video,all,,Competitive core rotation.
69,Partner Jump,Beg,Quads,High,4,5,--,90s,Plyo Power,⭐⭐⭐,None,Vert. Jump,Explosiveness,Plyometric power development.,Jump vertically; partner resists via band.,Watch Video,all,,Plyometric power development.
1,Kneeling Row,Beg,All,Back,Low,3,12ea,--,45s,Unilat. Pull,⭐,None,Flat Back,Scap. Control,Targets back independently to fix imbalances.,Watch Video,🎥,all,Scap. Control
2,Glute Bridge,Beg,All,Hamstrings,Low,3,15,30s Hold,30s,Post. Chain,⭐,None,Hip Extension,Glute Active,Performed as a hold/rep to recruit hip stabilizers.,Watch Video,🎥,all,Glute Active
3,Fire Hydrant,Beg,All,Glutes,Low,3,15ea,--,30s,Glute Medius,⭐,None,Core Stability,Hip Mobility,Isolation movement targeting glutes via lateral lift.,Watch Video,🎥,all,Hip Mobility
4,SL RDL w/ Row,Beg,All,Back,High,3,10ea,--,60s,Balance/Pull,⭐⭐⭐,RDL Form,Ankle Stability,CNS Integration,Combines hinge balance with a row for posture.,Watch Video,🎥,all,CNS Integration
5,Glute Thrust,Beg,All,Hamstrings,Med,3,12,--,45s,Power Ext.,⭐⭐,Bridge,Snap Hips,Power Output,Amplifies bridge benefits by adding explosive resistance.,Watch Video,🎥,all,Power Output
6,Standing Hip Ext,Beg,All,Glutes,Low,3,15ea,--,30s,Glute Max,⭐,None,No Back Arch,Postural Hold,Standing isolation extending leg out behind you.,Watch Video,🎥,all,Postural Hold
7,Tricep Press,Beg,All,Triceps,Low,3,12ea,--,30s,Arm Isolation,⭐,None,Full Lockout,Muscle Tone,Portable way to target triceps through full range.,Watch Video,🎥,all,Muscle Tone
8,Hip Thrust,Beg,All,Glutes,Med,4,12,--,60s,Peak Glute,⭐⭐,Bridge,Knee Alignment,Max Contract,Compound move using band for hip abduction.,Watch Video,🎥,all,Max Contract
9,Overhead Fly,Beg,All,Shoulders,Low,3,15,--,30s,Rear Delt,⭐,None,Shoulder Health,Scap. Stability,Targets deltoids and upper back for aesthetics.,Watch Video,🎥,all,Scap. Stability
10,Lateral Walk,Beg,All,Abductors,Med,3,15ea,--,45s,Lat. Stability,⭐⭐,Squat Form,Knee Tracking,Lateral Speed,Challenges hip abduction and lateral stability.,Watch Video,🎥,all,Lateral Speed
11,Kneeling Curl,Beg,All,Biceps,Low,3,12ea,--,30s,Bicep Iso,⭐,None,Still Elbows,Peak Tension,Isolates biceps while engaging kneeling core.,Watch Video,🎥,all,Peak Tension
12,Mini Band Squat,Beg,All,Quads,Med,3,15,--,45s,Knee Tracking,⭐⭐,Body Squat,Knees Out,Squat Depth,Forces recruitment to prevent knee collapse.,Watch Video,🎥,all,Squat Depth
13,Side-Lying Clam,Beg,All,Abductors,Low,3,20ea,--,30s,Hip Stability,⭐,None,Hips Square,Pelvic Control,Classic PT move for hip and pelvic health.,Watch Video,🎥,all,Pelvic Control
14,Lat. Sh. Raise,Beg,All,Shoulders,Low,3,12ea,--,30s,Medial Delt,⭐,None,No Shrugging,Shoulder Width,Variable tension increases difficulty vs DBs.,Watch Video,🎥,all,Shoulder Width
15,Alt. Leg Raises,Beg,All,Quads,Med,3,10ea,--,45s,Lower Ab,⭐⭐,Plank,Flat Low Back,Core Endurance,Challenges core/flexors via resisted lifts.,Watch Video,🎥,all,Core Endurance
16,Alt. Lat. Raise,Beg,All,Shoulders,Low,3,12ea,--,30s,Stability,⭐,None,Stability,Coordination,Alternating sides increases core time under tension.,Watch Video,🎥,all,Coordination
17,Mini Band Lunge,Beg,All,Quads,Med,3,10ea,--,45s,Quad Stability,⭐⭐,Lunge,Balanced Torso,Knee Tracking,Intensifies lunge by adding stabilizer tension.,Watch Video,🎥,all,Knee Tracking
18,Side Hip Abduct,Beg,All,Abductors,Low,3,15ea,--,30s,Hip Strength,⭐,None,Leg Straight,Hip Stability,Isolates outer glute and hip muscles.,Watch Video,🎥,all,Hip Stability
19,Reverse Fly,Beg,All,Shoulders,Low,3,15,--,30s,Post. Delt,⭐,None,Posture,Scap. Retract,Improves posture by strengthening rear delts.,Watch Video,🎥,all,Scap. Retract
20,Toe Touch,Beg,All,Abs,Med,3,20,--,30s,Ab Tone,⭐⭐,Crunch,Reach High,Ab Definition,Increases resistance during resisted crunch.,Watch Video,🎥,all,Ab Definition
21,Leg Raise,Beg,All,Abs,High,3,12,--,60s,Core Strength,⭐⭐⭐,Alt. Leg Raise,No Back Arch,Core Bracing,Intensifies challenge on lower abs/flexors.,Watch Video,🎥,all,Core Bracing
22,Jump Squat,Beg,All,Quads,High,4,8,--,90s,Explosive,⭐⭐⭐,Squat,Soft Landing,Vertical Leap,Combines plyometrics with resistance.,Watch Video,🎥,all,Vertical Leap
23,Lunge Kickback,Beg,All,Quads,Med,3,10ea,--,45s,Post. Chain,⭐⭐,Lunge,Balance,Triple Ext.,Enhances hip extension with a lunge kickback.,Watch Video,🎥,all,Triple Ext.
24,Plank Kickback,Beg,All,Abs,High,3,10ea,--,60s,Core/Glute,⭐⭐⭐,Plank,Level Hips,Anti-Rotation,Challenges core while firing the glute.,Watch Video,🎥,all,Anti-Rotation
25,Mt. Climber,Beg,All,Abs,High,3,20ea,30s Sprint,60s,Metabolic,⭐⭐⭐,Plank,Fast Feet,Engine Build,High-intensity move with resisted knee drive.,Watch Video,🎥,all,Engine Build
26,Scap Retraction,Beg,All,Shoulders,Low,3,15,--,30s,Upper Back,⭐,None,Scap. Move,Shoulder Health,Focuses on shoulder blade movement.,Watch Video,🎥,all,Shoulder Health
27,Around World,Beg,All,Abs,High,3,5ea,--,60s,Elite Stab.,⭐⭐⭐,Plank,Total Control,Shoulder/Core,Complex plank lifting limbs against a tug.,Watch Video,🎥,all,Shoulder/Core
28,Hip Flexor,Beg,All,Quads,Med,3,15ea,--,30s,Stride Power,⭐⭐,None,Drive Knee,Sprint Power,Essential for improving sprint knee drive.,Watch Video,🎥,all,Sprint Power
29,Scissor Kick,Beg,All,Abs,Med,3,--,45s Work,45s,Ab Endurance,⭐⭐,Leg Raise,Speed/Tension,Lower Ab Power,Intensifies flutter kick for activation.,Watch Video,🎥,all,Lower Ab Power
30,Standing Flexion,Beg,All,Quads,Low,3,15ea,--,30s,Hip Mobility,⭐,None,Tall Spine,Balance,Standing isolation for flexors and quads.,Watch Video,🎥,all,Balance
31,Bridge w/ Raise,Inter,All,Glutes,High,3,8ea,--,60s,Unilat. Stab.,⭐⭐⭐,Bridge,Hips High,Core Sync,Addresses strength imbalances between sides.,Watch Video,🎥,all,Core Sync
32,Hydrant Circle,Beg,All,Abductors,Med,3,10ea,--,30s,Hip Range,⭐⭐,Hydrant,Fluid Motion,Joint Health,Enhances mobility via circular motions.,Watch Video,🎥,all,Joint Health
33,Banded Curtsy,Inter,All,Quads,Med,3,12ea,--,45s,Side Glute,⭐⭐,Lunge,Torso Facing,Hip Mobility,Engages hips/glutes more than standard lunge.,Watch Video,🎥,all,Hip Mobility