Rank,Exercise Name,Level,Primary Muscle,CNS,Sets,Reps,Time Goal,Rest,Primary Focus,Stars,Pre-Req,HS Goals,College Goals,Description,Proper Form,demo,env,sport,Description,Equipment Needed
19,Hip Abduction,Beg,Abductors,Low,3,15ea,--,30s,Outer Hip,‚≠ê,None,Pelvic Stab.,Hip Strength,Outer hip and glute medius isolation.,Lift banded leg out to side; keep hips level.,Watch Video,all,Weight Room,Outer hip and glute medius isolation.,Cable Machine/Band
41,Barbell Ab Rollout,Inter,Abductors,High,3,10,--,90s,Core Stability,‚≠ê‚≠ê‚≠ê,Plank,Anti-Extens.,Core Shield,Extreme core stability movement.,Roll out until flat; pull back using abs.,Watch Video,w_room,Weight Room,Extreme core stability movement.,"Barbell, Plates"
64,LM Core Rotation,Beg,Abductors,Low,3,10ea,--,45s,Rotational,‚≠ê,None,Obliques,Anti-Rot.,Rotational core strength.,Hold bar; rotate side-to-side using abs.,Watch Video,w_room,Weight Room,Rotational core strength.,"Barbell, Landmine Base"
114,BB Russian Twist,Beg,Abductors,Low,3,15ea,--,45s,Rotational,‚≠ê,None,Obliques,Core Speed,Rotational core power.,Sit with bar; rotate end side-to-side.,Watch Video,w_room,Weight Room,Rotational core power.,Barbell
115,Woodchopper (BB),Beg,Abductors,Low,3,12ea,--,45s,Diagonal,‚≠ê,None,Core Force,Athleticism,Diagonal core movement using LM.,Rotate bar high to low across body.,Watch Video,w_room,Weight Room,Diagonal core movement using LM.,Barbell/Cable
116,Weighted Crunch,Beg,Abductors,Low,3,20,--,45s,Upper Ab,‚≠ê,Crunch,Ab Size,Ab Strength,Upper ab isolation.,Lie on back; hold bar; crunch upward.,Watch Video,w_room,Weight Room,Upper ab isolation.,Weight Plate/Dumbbell
117,Leg Raise (Wght),Inter,Abductors,Med,3,12,--,60s,Lower Ab,‚≠ê‚≠ê,Leg Raise,Core Brace,Strength,Lower ab isolation.,Bar between feet; lift to 90 deg.,Watch Video,w_room,Weight Room,Lower ab isolation.,Ankle Weights/Dumbbell
118,Hollow Body Hold,Inter,Abductors,Med,3,--,45s,45s,Static Stab.,‚≠ê‚≠ê,Plank,Gymnastic,Deep Core,Total core tension.,Hold light bar overhead in hollow body.,Watch Video,w_room,Weight Room,Total core tension.,Bodyweight
120,Dead Bug (Wght),Beg,Abductors,Low,3,12,--,45s,Spinal Stab.,‚≠ê,None,Bracing,Coordination,Spinal stability.,Hold bar over chest; extend opposite leg.,Watch Video,w_room,Weight Room,Spinal stability.,Dumbbell/Plate
40,Side Bend,Beg,Abductors,Low,3,15ea,--,30s,Obliques,‚≠ê,None,Core Balance,Lateral Str,Direct oblique isolation.,Lean to side with DB; pull back with obliques.,Watch Video,w_room,Weight Room,Direct oblique isolation.,Dumbbell/Kettlebell
14,Sit Up and Press,Beg,Abductors,Med,3,10,--,45s,Core Power,‚≠ê‚≠ê,Sit Up,Ab Strength,Sh. Stability,Combines core flexion with shoulder power.,Perform sit-up; press bell overhead at top.,Watch Video,w_room,Weight Room,Combines core flexion with shoulder power.,Kettlebell/Dumbbell
20,KB Windmill,Inter,Abductors,High,3,8ea,--,60s,Oblique Pow,‚≠ê‚≠ê‚≠ê,OH Press,Flexibility,T-Spine Mob.,Oblique strength and shoulder stability.,Bell OH; hinge hip out; reach toward floor.,Watch Video,w_room,Weight Room,Oblique strength and shoulder stability.,Kettlebell
2,MB Russian Twist,Beg,Abductors,Low,3,20,--,30s,Oblique Eng.,‚≠ê,None,Rotation,Core Endurance,Weighted rotational exercise for obliques.,"Sit, feet off floor; rotate ball side-to-side.",Watch Video,all,Weight Room,Weighted rotational exercise for obliques.,Medicine Ball
6,Partner Twist,Beg,Abductors,Low,3,20,--,30s,Coordination,‚≠ê,None,Teamwork,Core Control,Social drill for rotational strength.,Back-to-back; pass ball side-to-side in circle.,Watch Video,all,Weight Room,Social drill for rotational strength.,Medicine Ball
14,MB Leg Crunch,Inter,Abductors,Med,3,15,--,45s,Ab Activation,‚≠ê‚≠ê,Crunch,Hip Flexor Str.,Midsection Mass,Combines upper and lower ab activation.,Ball between feet; crunch knees and chest.,Watch Video,all,Weight Room,Combines upper and lower ab activation.,Medicine Ball
15,MB OH Sit Up,Adv,Abductors,High,3,10,--,60s,Long-Lever,‚≠ê‚≠ê‚≠ê,Sit Up,Core Bracing,Ab Definition,Core move with long-lever resistance.,Sit-up while keeping ball locked out overhead.,Watch Video,all,Weight Room,Core move with long-lever resistance.,Medicine Ball
19,Balance OH Crunch,Inter,Abductors,Med,3,15,--,45s,Instability,‚≠ê‚≠ê,Crunch,Deep Core,Balance,Core engagement via BOSU instability.,Lie on BOSU; hold ball overhead; crunch up.,Watch Video,all,Weight Room,Core engagement via BOSU instability.,Medicine Ball
23,Sit Up w/ Toss,Inter,Abductors,High,3,12,--,60s,Dynamic Power,‚≠ê‚≠ê‚≠ê,Sit Up,Coordination,Expl. Core,Dynamic coordination and power move.,Sit up; toss ball; catch on way down.,Watch Video,all,Weight Room,Dynamic coordination and power move.,Medicine Ball
25,Partner Sit Up,Beg,Abductors,Med,3,15,--,45s,Core Cond.,‚≠ê‚≠ê,Sit Up,Rhythm,Endurance,Partner-based core conditioning.,"Toss ball during ""up"" phase of sit-up.",Watch Video,all,Weight Room,Partner-based core conditioning.,Medicine Ball
26,Partner Russian,Beg,Abductors,Low,3,20,--,30s,Oblique Pass,‚≠ê,Russian Tw.,Coordination,Speed,Oblique work with coordination.,Pass ball to partner while twisting side-to-side.,Watch Video,all,Weight Room,Oblique work with coordination.,Medicine Ball
13,Balance Crunch,Beg,Abductors,Med,3,15,--,45s,Core/Oblique,‚≠ê‚≠ê,Cable Crunch,Stability,Anti-Lateral,Combines stability with oblique side bends.,Kneel on balance trainer; crunch then bend side.,Watch Video,w_room,Weight Room,Combines stability with oblique side bends.,Bodyweight/Med Ball
18,Standing Ab Twist,Beg,Abductors,Med,3,12ea,--,45s,Rotation,‚≠ê‚≠ê,None,Oblique Str.,Core Speed,Rotational core strength and obliques.,Hold at chest; rotate torso side-to-side.,Watch Video,all,Weight Room,Rotational core strength and obliques.,Cable Machine/Band
50,Pallof Press/Twst,Beg,Abductors,Med,3,10ea,--,45s,Anti-Rot.,‚≠ê‚≠ê,None,Core Stability,Oblique Power,Anti-rotation core stability with twist.,Press band forward; rotate away.,Watch Video,all,Weight Room,Anti-rotation core stability with twist.,Cable Machine/Band
51,Kneeling Pallof,Beg,Abductors,Low,3,12ea,--,45s,Oblique Stab.,‚≠ê,None,Core Bracing,Stability,Focused oblique stabilization.,Both knees down; press; resist pull.,Watch Video,all,Weight Room,Focused oblique stabilization.,Cable Machine/Band
56,Pallof Walk Out,Beg,Abductors,High,3,--,30s,60s,Dynamic Core,‚≠ê‚≠ê‚≠ê,Pallof Press,Core Force,Anti-Rot. Str,Dynamic anti-rotation stability.,Hold pressed band; walk sideways away.,Watch Video,all,Weight Room,Dynamic anti-rotation stability.,Resistance Band
57,Supine Pallof,Beg,Abductors,Med,3,12,--,45s,Low Bk Prot.,‚≠ê‚≠ê,None,Bracing,Core Depth,Core stability with low back support.,Lying on back; press band upward.,Watch Video,all,Weight Room,Core stability with low back support.,Resistance Band
61,Lunge Pallof,Inter,Abductors,High,3,10ea,--,60s,Stab./Legs,‚≠ê‚≠ê‚≠ê,Lunge,Coordination,Dynamic Stab.,Compound stability and leg move.,Lunge down while pressing band.,Watch Video,all,Weight Room,Compound stability and leg move.,Resistance Band
63,Plank Row,Beg,Abductors,Med,3,10ea,--,45s,Core/Back,‚≠ê‚≠ê,Plank,Anti-Rot.,Stability,Core stability plus horizontal pull.,In plank; row one side; keep hips level.,Watch Video,all,Weight Room,Core stability plus horizontal pull.,Dumbbells/Kettlebell
64,Side Plank Row,Beg,Abductors,Med,3,12ea,--,45s,Oblique/Back,‚≠ê‚≠ê,Side Plank,Core Tie-in,Lateral Stab.,Oblique and back integration.,Side plank; row band with top arm.,Watch Video,all,Weight Room,Oblique and back integration.,Cable Machine/Band
68,Partner Twist,Beg,Abductors,Med,3,10ea,--,45s,Core Comp.,‚≠ê‚≠ê,None,Oblique Str.,Anti-Rot.,Competitive core rotation.,Partners try to pull each other off twist.,Watch Video,all,Weight Room,Competitive core rotation.,Resistance Band (Partner)
119,Plank Row (BB),Adv,Abductors,High,3,8ea,--,90s,Elite Stab.,‚≠ê‚≠ê‚≠ê,Plank,Balance,Core Brace,Core and back stability.,Plank on bar; row one side while balance.,Watch Video,w_room,Weight Room,Core and back stability.,Barbell
112,Suitcase DL,Inter,Abductors,High,3,8ea,--,90s,Anti-Lateral,‚≠ê‚≠ê‚≠ê,Deadlift,Core Stab.,Spine Health,Anti-lateral core stability.,Hold bar in one hand; deadlift level.,Watch Video,w_room,Weight Room,Anti-lateral core stability.,Barbell/Dumbbell
113,LM Windmill,Adv,Abductors,High,3,5ea,--,120s,Core Power,‚≠ê‚≠ê‚≠ê,LM Press,Mobility,Oblique Pow,Oblique and shoulder power.,Hold bar overhead; hinge; touch floor.,Watch Video,w_room,Weight Room,Oblique and shoulder power.,"Barbell, Landmine Base"
17,Hip Adduction,Beg,Abductors,Low,3,15ea,--,30s,Inner Thigh,‚≠ê,None,Hip Balance,Groin Strength,Inner thigh strengthening.,Pull banded leg across the body midline.,Watch Video,all,Weight Room,Inner thigh strengthening.,Cable Machine/Band
8,Bent Over Row,Beg,Back,Med,3,8-12,--,90s,Back Thickness,‚≠ê‚≠ê,None,Posture,Pull Strength,Builds back thickness and posture.,Hinge at 45¬∞; pull bar to lower ribs.,Watch Video,w_room,Weight Room,Builds back thickness and posture.,Barbell
20,Reverse Grip Row,Beg,Back,Med,3,10-12,--,60s,Lower Lats,‚≠ê,BB Row,Lat Width,Underhand Power,Hits lower lats and biceps.,Underhand grip; pull bar to belly button.,Watch Video,w_room,Weight Room,Hits lower lats and biceps.,Barbell
28,Landmine Row,Beg,Back,Low,3,12,--,60s,Mid-Back,‚≠ê,None,Back Health,Scap. Control,Pivoting row for mid-back thickness.,Straddle bar; pull end toward chest.,Watch Video,w_room,Weight Room,Pivoting row for mid-back thickness.,"Barbell, Landmine Base"
31,Australian Chin Up,Beg,Back,Low,3,12,--,60s,Pull Prep,‚≠ê,None,Posture,Pullup Prep,Horizontal bodyweight pull.,Bar at waist; pull chest to bar at angle.,Watch Video,w_room,Weight Room,Horizontal bodyweight pull.,Low Bar (Barbell/Smith)
37,Pendlay Row,Inter,Back,High,4,6-8,--,120s,Expl. Pull,‚≠ê‚≠ê‚≠ê,BB Row,Power,Back Density,Explosive row from a dead stop.,Back parallel to floor; row from ground.,Watch Video,w_room,Weight Room,Explosive row from a dead stop.,Barbell
38,Inverted Row,Beg,Back,Low,3,12,--,60s,Bodyweight Pull,‚≠ê,None,Posture,Pullup Prep,Bodyweight back builder.,Pull chest to bar while hanging; keep straight.,Watch Video,w_room,Weight Room,Bodyweight back builder.,Low Bar
49,Single Arm LM Row,Beg,Back,Low,3,12ea,--,60s,Unilat. Back,‚≠ê,LM Row,Symmetry,Lat Focus,Unilateral back isolation using landmine.,Stand beside bar; row end to hip.,Watch Video,w_room,Weight Room,Unilateral back isolation using landmine.,"Barbell, Landmine Base"
70,Australian Pull Up,Beg,Back,Low,3,12,--,60s,BW Pull,‚≠ê,None,Posture,Strength,Bodyweight horizontal row.,Hang from low bar; pull chest to bar.,Watch Video,w_room,Weight Room,Bodyweight horizontal row.,Low Bar
76,Meadows Row,Beg,Back,Low,3,12ea,--,60s,Lat Isolation,‚≠ê,None,Lat Width,Back Detail,T-bar variation for lat isolation.,Stand perpendicular to LM; row end to hip.,Watch Video,w_room,Weight Room,T-bar variation for lat isolation.,"Barbell, Landmine Base"
93,Drag Row,Beg,Back,Low,3,15,--,60s,Lat Iso,‚≠ê,None,Posture,Back Health,Lat isolation.,Pull bar up legs; pull elbows back.,Watch Video,w_room,Weight Room,Lat isolation.,Barbell
94,Seal Row,Inter,Back,Med,3,10,--,90s,Strict Pull,‚≠ê‚≠ê,BB Row,Back Width,No Cheat Row,Eliminates lower back/leg drive.,Lie chest-down on elevated bench; row.,Watch Video,w_room,Weight Room,Eliminates lower back/leg drive.,"Barbell, Elevated Bench"
95,Kroc Row (BB),Inter,Back,High,3,20,--,120s,Volume,‚≠ê‚≠ê,BB Row,Size,Work Cap.,High-volume back builder.,Heavy rows with body English; high reps.,Watch Video,w_room,Weight Room,High-volume back builder.,Barbell
96,T-Bar Row,Beg,Back,Low,3,12,--,60s,Mid-Back,‚≠ê,None,Thickness,Strength,Mid-back thickness builder.,Bar in corner; pull to chest; neutral grip.,Watch Video,w_room,Weight Room,Mid-back thickness builder.,T-Bar Row Machine/Landmine
97,Scapular Shrug,Beg,Back,Low,3,15,--,30s,Scap. Health,‚≠ê,None,Posture,Sh. Stability,Shoulder blade health/stability.,Arms straight; move blades together/apart.,Watch Video,w_room,Weight Room,Shoulder blade health/stability.,Barbell/Pull-up Bar
3,Dumbbell Row,Beg,Back,Med,3,10ea,--,60s,Lat Thickness,‚≠ê‚≠ê,None,Posture,Pull Strength,Unilateral back builder.,One hand on bench; pull weight to hip.,Watch Video,w_room,Weight Room,Unilateral back builder.,Dumbbells
13,Bent Over Row,Inter,Back,High,3,10,--,60s,Back Density,‚≠ê‚≠ê,DB Row,Bracing,Total Pull,Bilateral back thickness builder.,Hinge at hips; pull to waist; flat back.,Watch Video,w_room,Weight Room,Bilateral back thickness builder.,Dumbbells
36,Incline Row,Inter,Back,Med,3,12,--,60s,Strict Pulling,‚≠ê‚≠ê,DB Row,No Cheat,Lat Isolation,Chest-supported back isolation.,Lie chest-down on incline; pull weights.,Watch Video,w_room,Weight Room,Chest-supported back isolation.,"Dumbbells, Bench"
3,Kettlebell Row,Beg,Back,Low,3,10ea,--,45s,Lat Stability,‚≠ê,None,Posture,Pull Strength,Unilateral back builder for stability.,Hinge; back flat; pull bell to hip; brace core.,Watch Video,w_room,Weight Room,Unilateral back builder for stability.,Kettlebell
5,KB Alternating Row,Beg,Back,Low,3,12ea,--,45s,Back Volume,‚≠ê,KB Row,Coordination,Back Thickness,High-volume row focusing on individual sides.,Switch hands at floor; keep back neutral.,Watch Video,w_room,Weight Room,High-volume row focusing on individual sides.,Kettlebells
6,Gorilla Rows,Inter,Back,Med,3,10ea,--,60s,Core/Lat,‚≠ê‚≠ê,KB Row,Core Bracing,Lat Density,Alternating row from a static deep hinge.,Wide stance; row one while pushing other down.,Watch Video,w_room,Weight Room,Alternating row from a static deep hinge.,Kettlebells
10,X-Over Lat Down,Inter,Back,High,3,10,--,60s,Lat Width,‚≠ê‚≠ê‚≠ê,Pulldown,Lat Active,Back Depth,Enhanced range for lat width and depth.,Kneel; cross arms for handles; pull to ribs.,Watch Video,w_room,Weight Room,Enhanced range for lat width and depth.,Cable Machine
1,Shoulder Squeeze,Beg,Back,Low,3,15,2s Hold,30s,Posture,‚≠ê,None,Scap. Control,Upper Bk Density,High-tension isolation for upper back.,Pull band apart to chest; squeeze scapula.,Watch Video,all,Weight Room,High-tension isolation for upper back.,Bodyweight
4,Bent Over Row,Beg,Back,Med,3,10,--,45s,Back Thick,‚≠ê‚≠ê,None,Flat Back,Pull Strength,Compound pull for thickness and posture.,Hinge forward; pull band ends to hips.,Watch Video,all,Weight Room,Compound pull for thickness and posture.,Resistance Band
8,Seated Row,Beg,Back,Low,3,15,--,45s,Mid-Back,‚≠ê,None,Posture,Scap. Health,Horizontal pull with end-range squeeze.,Sit with legs out; loop on feet; pull to torso.,Watch Video,all,Weight Room,Horizontal pull with end-range squeeze.,Resistance Band
9,Assisted Pull Up,Beg,Back,High,4,8,--,60s,Pull Power,‚≠ê‚≠ê‚≠ê,None,First Rep,High Volume,Uses band to reduce bodyweight load.,Loop on bar and foot; perform pull-up.,Watch Video,all,Weight Room,Uses band to reduce bodyweight load.,Resistance Band/Machine
11,Lat Pulldown,Beg,Back,Low,3,15,--,45s,Lat Width,‚≠ê,None,Scap. Pull,Lat Activation,Mimics machine pull for lat width.,Hold overhead; pull elbows down to ribs.,Watch Video,all,Weight Room,Mimics machine pull for lat width.,Cable Machine/Band
22,Assisted Chin Up,Beg,Back,High,4,8,--,60s,Bicep/Back,‚≠ê‚≠ê‚≠ê,None,Pullup Prep,Volume Pull,Underhand grip assisted pull-up.,Palms facing you; use band to assist.,Watch Video,all,Weight Room,Underhand grip assisted pull-up.,Resistance Band/Machine
31,Negative Pull Up,Beg,Back,High,3,5,5s Down,90s,Ecc. Strength,‚≠ê‚≠ê‚≠ê,None,Pullup First,Strength Build,Focuses on the eccentric lowering phase.,Jump to top; lower slowly with band help.,Watch Video,all,Weight Room,Focuses on the eccentric lowering phase.,Pull-up Bar
36,Wide Grip Pull Up,Beg,Back,High,3,8,--,60s,Lat Focus,‚≠ê‚≠ê‚≠ê,Pull Up,Back Width,Vertical Pull,Targets outer lats for back width.,Wide overhand grip; pull chest to bar.,Watch Video,all,Weight Room,Targets outer lats for back width.,Pull-up Bar
39,OH Pull Apart,Beg,Back,Low,3,15,--,30s,Scap. Stab.,‚≠ê,None,Posture,Upper Bk Health,Scapular stability and rear delt move.,Pull band apart starting from overhead.,Watch Video,all,Weight Room,Scapular stability and rear delt move.,Resistance Band
41,Negative Chin Up,Beg,Back,High,3,5,5s Down,90s,Ecc. Strength,‚≠ê‚≠ê‚≠ê,None,Chin Up Prep,Pull Strength,Eccentric underhand back work.,Jump to top; lower slowly with band.,Watch Video,all,Weight Room,Eccentric underhand back work.,Pull-up Bar
44,Single Arm Row,Beg,Back,Low,3,12ea,--,30s,Lat Symmetry,‚≠ê,Row,Anti-Rotation,Lat Focus,Unilateral horizontal pull.,One hand rows; core stabilizes vs twist.,Watch Video,all,Weight Room,Unilateral horizontal pull.,Cable Machine/Band
45,Straight-Arm Down,Beg,Back,Low,3,15,--,45s,Lat Iso,‚≠ê,None,Scap. Control,Lat Active,Lat isolation without bicep involvement.,Arms straight; pull from overhead to thighs.,Watch Video,all,Weight Room,Lat isolation without bicep involvement.,Cable Machine/Band
47,Banded Y Fly,Beg,Back,Low,3,15,--,30s,Lower Trap,‚≠ê,OH Stretch,Posture,Scap. Health,Targets lower traps and rear delts.,"Raise arms into ""Y"" shape against band.",Watch Video,all,Weight Room,Targets lower traps and rear delts.,Resistance Band
48,Seated SA Row,Beg,Back,Low,3,12ea,--,30s,Lat Isolation,‚≠ê,Row,Symmetry,Detail,Focused unilateral back thickness.,Seated; row one arm to address imbalances.,Watch Video,all,Weight Room,Focused unilateral back thickness.,Cable Machine/Band
3,Med Ball Slam,Beg,Back,High,4,10,--,60s,Expl. Power,‚≠ê‚≠ê‚≠ê,None,Power Output,Athletic Engine,High-intensity move for power/cardio.,Reach overhead; slam ball down using core/arms.,Watch Video,all,Weight Room,High-intensity move for power/cardio.,Medicine Ball
5,MB Superman,Inter,Back,Med,3,12,2s Hold,45s,Post. Chain,‚≠ê‚≠ê,Superman,Back Health,Posture Hold,Weighted extension for posterior chain.,Lie face down; hold ball; lift arms and legs.,Watch Video,all,Weight Room,Weighted extension for posterior chain.,Medicine Ball
13,SL Good Morning,Beg,Back,Med,3,12-15,--,60s,Lower Back,‚≠ê,Hinge,Back Health,Hamstring Flex,Hamstring and lower back flexibility.,Hinge with legs straight; keep back flat.,Watch Video,w_room,Weight Room,Hamstring and lower back flexibility.,Barbell
27,Rack Pulls,Inter,Back,High,3,5-8,--,120s,Back Density,‚≠ê‚≠ê,Deadlift,Lockout Power,Trap Density,Partial deadlift for back thickness.,Pull from knee height; squeeze back.,Watch Video,w_room,Weight Room,Partial deadlift for back thickness.,"Barbell, Squat Rack"
44,Lower Back Stretch,Beg,Back,Low,2,--,60s,--,Recovery,‚≠ê,None,Flexibilty,Injury Prev.,Flexibility and recovery move.,Hinge forward slowly to stretch lumbar.,Watch Video,w_room,Weight Room,Flexibility and recovery move.,Bodyweight
109,Block Pull,Inter,Back,High,3,5,--,150s,Lockout,‚≠ê‚≠ê,Deadlift,Strength,Heavy Load,Targets the lockout phase.,Deadlift starting on blocks.,Watch Video,w_room,Weight Room,Targets the lockout phase.,"Barbell, Blocks"
40,Superman Press,Beg,Back,Med,3,12,--,45s,Post. Chain,‚≠ê‚≠ê,None,Back Arch,Stability,Advanced posterior chain stability.,Lift chest/legs; press band forward.,Watch Video,all,Weight Room,Advanced posterior chain stability.,Bodyweight
2,Barbell Curl,Beg,Biceps,Low,3,10-12,--,60s,Arm Strength,‚≠ê,None,Form Control,Strict Reps,Core isolation for bicep strength.,Grip shoulder-width; curl bar; keep elbows pinned.,Watch Video,w_room,Weight Room,Core isolation for bicep strength.,Barbell
10,Reverse BB Curl,Beg,Biceps,Low,3,12-15,--,60s,Forearm/Grip,‚≠ê,None,Grip Strength,Arm Detail,Targets brachialis and forearms.,Overhand grip; curl while keeping wrists neutral.,Watch Video,w_room,Weight Room,Targets brachialis and forearms.,Barbell
19,Bicep Drag Curl,Beg,Biceps,Low,3,12,--,60s,Peak Tension,‚≠ê,BB Curl,Bicep Peak,Form Control,Constant tension isolation.,Drag bar up torso; pull elbows back.,Watch Video,w_room,Weight Room,Constant tension isolation.,Barbell
42,Wide Grip BB Curl,Beg,Biceps,Low,3,10,--,60s,Short Head,‚≠ê,BB Curl,Bicep Width,Peak Dev.,Focuses on the inner head of the bicep.,Grip wider than shoulders; curl to chin.,Watch Video,w_room,Weight Room,Focuses on the inner head of the bicep.,Barbell
68,BB Pause Curl,Beg,Biceps,Low,3,12,--,60s,Time/Tension,‚≠ê,BB Curl,Bicep Peak,Size,Increases time under tension for biceps.,Pause 2s at top of curl; squeeze hard.,Watch Video,w_room,Weight Room,Increases time under tension for biceps.,Barbell
84,J-Hook Curl,Beg,Biceps,Low,3,12,--,60s,Peak Bicep,‚≠ê,BB Curl,Bicep Peak,Detail,Focuses on the top peak contraction.,Curl; at top pull elbows forward.,Watch Video,w_room,Weight Room,Focuses on the top peak contraction.,Barbell
85,Cheat Curl,Inter,Biceps,Med,3,6-8,--,90s,Eccentric Load,‚≠ê‚≠ê,BB Curl,Power,Size,Overloads the eccentric phase.,Use hips to curl; lower very slowly.,Watch Video,w_room,Weight Room,Overloads the eccentric phase.,Barbell
86,Concentration (BB),Beg,Biceps,Low,3,15,--,45s,Iso Peak,‚≠ê,BB Curl,Form,Definition,Seated bicep isolation.,Sit; lean forward; curl bar toward face.,Watch Video,w_room,Weight Room,Seated bicep isolation.,Barbell
87,Spider Curl,Beg,Biceps,Low,3,12,--,60s,Momentum-Free,‚≠ê,BB Curl,Strict Reps,Bicep Shape,Eliminates all momentum.,Lean chest-down on incline; curl from hang.,Watch Video,w_room,Weight Room,Eliminates all momentum.,"Barbell, Bench"
88,Preacher Curl,Beg,Biceps,Low,3,12,--,60s,Short Head,‚≠ê,BB Curl,Size,Detail,Isolates the short head of the bicep.,Arms on preacher pad; curl bar.,Watch Video,w_room,Weight Room,Isolates the short head of the bicep.,"Barbell, Preacher Bench"
103,Waiter Curl,Beg,Biceps,Low,3,12,--,45s,Bicep Peak,‚≠ê,BB Curl,Focus,Peak Detail,Targets bicep peak.,Hold bar on palms; curl with wrists out.,Watch Video,w_room,Weight Room,Targets bicep peak.,Barbell/Dumbbell
1,Bicep Curl,Beg,Biceps,Low,3,12,--,45s,Bicep Peak,‚≠ê,None,Size,Definition,Standard bicep isolation.,Palms forward; curl to shoulders; elbows pinned.,Watch Video,w_room,Weight Room,Standard bicep isolation.,Dumbbells
2,Hammer Curl,Beg,Biceps,Low,3,12,--,45s,Long Head,‚≠ê,None,Forearm Mass,Width,Targets brachialis and forearm width.,"Neutral grip; curl ""thumb-up"" to shoulder.",Watch Video,w_room,Weight Room,Targets brachialis and forearm width.,Dumbbells
17,Seated Curl,Beg,Biceps,Low,3,12,--,45s,Strict Bicep,‚≠ê,Bicep Curl,No Momentum,Peak Dev.,Removes leg drive from the curl.,Sit; perform curl; rotate wrists at top.,Watch Video,w_room,Weight Room,Removes leg drive from the curl.,"Dumbbells, Bench"
19,Concentrat. Curl,Beg,Biceps,Low,3,12ea,--,30s,Peak Isolation,‚≠ê,Bicep Curl,Bicep Shape,Detail,Focuses on the bicep peak.,Sit; brace elbow on thigh; curl upward.,Watch Video,w_room,Weight Room,Focuses on the bicep peak.,Dumbbells
24,Incline Curl,Inter,Biceps,Low,3,12,--,45s,Bicep Stretch,‚≠ê,Bicep Curl,Range of Mot.,Long Head Dev,Increases the stretch on the bicep.,Sit on incline; let arms hang; curl up.,Watch Video,w_room,Weight Room,Increases the stretch on the bicep.,"Dumbbells, Incline Bench"
28,Cross Body Curl,Beg,Biceps,Low,3,12ea,--,45s,Brachialis,‚≠ê,Hammer Curl,Bicep Peak,Forearm Str,Hits the outer bicep and brachialis.,Curl across chest toward opposite shoulder.,Watch Video,w_room,Weight Room,Hits the outer bicep and brachialis.,Dumbbells
38,Incline Hammer,Inter,Biceps,Low,3,12,--,45s,Stretch/Width,‚≠ê‚≠ê,Hammer Curl,Brachialis,Detail,Combination of stretch and neutral grip.,Seated on incline; use neutral grip to curl.,Watch Video,w_room,Weight Room,Combination of stretch and neutral grip.,"Dumbbells, Bench"
47,Wide Curls,Beg,Biceps,Low,3,12,--,45s,Short Head,‚≠ê,Bicep Curl,Bicep Width,Detail,Targets the inner head of the bicep.,Curl with arms flared out to the sides.,Watch Video,w_room,Weight Room,Targets the inner head of the bicep.,Dumbbells
50,Zottman Curl,Inter,Biceps,Low,3,12,--,45s,Forearm/Bi,‚≠ê‚≠ê,Bicep Curl,Grip Strength,Brachiorad.,Total arm development.,Curl palms up; rotate palms down to lower.,Watch Video,w_room,Weight Room,Total arm development.,Dumbbells
53,Waiter Curls,Beg,Biceps,Low,3,12,--,45s,Peak Tension,‚≠ê,Bicep Curl,Bracing,Bicep Shape,Focuses on the bicep peak.,Hold DB palms up under top plate; curl.,Watch Video,w_room,Weight Room,Focuses on the bicep peak.,Dumbbell
59,Reverse Curl,Beg,Biceps,Low,3,12,--,45s,Brachialis,‚≠ê,Bicep Curl,Forearm Size,Grip,Overhand bicep curl.,Stand; palms-down grip; curl to shoulders.,Watch Video,w_room,Weight Room,Overhand bicep curl.,Dumbbells
7,Double Bi Curl,Beg,Biceps,Low,3,12,--,45s,Bicep Peak,‚≠ê,BB Curl,Flex Control,Bicep Width,"High-pulley curl mimicking ""front double bicep.""",Pulleys at shoulder height; curl toward ears.,Watch Video,w_room,Weight Room,"High-pulley curl mimicking ""front double bicep.""",Cable Machine
3,Bicep Curl,Beg,Biceps,Low,3,12,--,30s,Bicep Peak,‚≠ê,None,Strict Reps,Peak Tension,Progressive resistance for bicep peaks.,Step on band; curl to shoulders; elbows pinned.,Watch Video,all,Weight Room,Progressive resistance for bicep peaks.,Resistance Band
7,Hammer Curl,Beg,Biceps,Low,3,12,--,30s,Brachialis,‚≠ê,Bicep Curl,Grip Strength,Forearm Mass,Targets brachialis and forearm width.,Palms-in grip; curl toward shoulders.,Watch Video,all,Weight Room,Targets brachialis and forearm width.,Resistance Band
24,Standing Calf Rise,Beg,Calves,Low,4,15-20,--,45s,Lower Leg,‚≠ê,None,Calf Size,Ankle Health,Builds mass in the gastrocnemius.,Rise onto balls of feet; lower slowly.,Watch Video,w_room,Weight Room,Builds mass in the gastrocnemius.,Barbell
69,Seated Calf Raise,Beg,Calves,Low,4,15,--,45s,Soleus,‚≠ê,None,Calf Size,Ankle Mobil.,Targets the soleus muscle.,Sit with bar on knees; rise onto toes.,Watch Video,w_room,Weight Room,Targets the soleus muscle.,Barbell/Machine
32,KB Calf Raise,Beg,Calves,Low,4,15,--,45s,Hypertrophy,‚≠ê,None,Calf Size,Ankle Health,Weighted isolation for the lower legs.,Hold bells at sides; rise onto toes.,Watch Video,w_room,Weight Room,Weighted isolation for the lower legs.,Kettlebell
42,KB Toe Walks,Beg,Calves,Med,3,--,45s Work,45s,Endurance,‚≠ê,None,Foot Strength,Functional,Functional calf endurance and strength.,Hold heavy bells; walk on balls of feet.,Watch Video,all,Weight Room,Functional calf endurance and strength.,Kettlebells
1,Barbell Bench Press,Inter,Chest,High,4,5-8,--,120s,Upper Mass,‚≠ê‚≠ê‚≠ê,Push-up,1x Bodyweight,1.5x BW,Standard horizontal press for mass.,Lie flat; lower bar to mid-chest; press up.,Watch Video,w_room,Weight Room,Standard horizontal press for mass.,"Barbell, Bench"
6,Incline Bench,Inter,Chest,Med,3,8-10,--,90s,Upper Chest,‚≠ê‚≠ê,Bench Press,Chest Balance,Upper Pec Fill,Targets upper chest and shoulders.,Bench at 45¬∞; lower bar to upper chest.,Watch Video,w_room,Weight Room,Targets upper chest and shoulders.,"Barbell, Incline Bench"
17,Decline Bench,Inter,Chest,Med,3,8-12,--,90s,Lower Chest,‚≠ê‚≠ê,Bench Press,Lower Pec Fill,Press Power,Focuses on lower pectoral fibers.,Bench at down angle; press from lower chest.,Watch Video,w_room,Weight Room,Focuses on lower pectoral fibers.,"Barbell, Decline Bench"
33,Floor Press,Inter,Chest,Med,3,8,--,90s,Lockout Power,‚≠ê‚≠ê,Bench Press,Shoulder Safe,Tricep Finish,Targets lockout and protects shoulders.,Lie on floor; lower until elbows touch floor.,Watch Video,w_room,Weight Room,Targets lockout and protects shoulders.,Barbell
36,Pause Incline Bench,Inter,Chest,Med,3,8,--,90s,Chest Power,‚≠ê‚≠ê,Incl. Bench,Stability,Max Tension,Removes momentum for upper chest power.,Pause bar on upper chest for 1s then press.,Watch Video,w_room,Weight Room,Removes momentum for upper chest power.,"Barbell, Incline Bench"
45,Pause Bench Press,Inter,Chest,Med,4,5,--,120s,Press Power,‚≠ê‚≠ê,Bench Press,Control,Chest Snap,Increases explosive pressing power.,Pause on chest for 2s; press with no bounce.,Watch Video,w_room,Weight Room,Increases explosive pressing power.,"Barbell, Bench"
55,Pause Decline,Inter,Chest,Med,3,8,--,90s,Lower Pec Pow,‚≠ê‚≠ê,Decline Bench,Control,Pec Pop,Lower pec power builder.,Pause at bottom of decline; press control.,Watch Video,w_room,Weight Room,Lower pec power builder.,"Barbell, Decline Bench"
67,Reverse Grip Bench,Inter,Chest,Med,3,10,--,90s,Upper Pec/Tri,‚≠ê‚≠ê,Bench Press,Arm Size,Bench Variation,Emphasizes upper chest and triceps.,Palms-up grip; lower to mid-chest.,Watch Video,w_room,Weight Room,Emphasizes upper chest and triceps.,"Barbell, Bench"
104,Floor Fly (BB),Inter,Chest,Low,3,15,--,60s,Chest Iso,‚≠ê,None,Saftey,Pec Growth,Chest isolation with floor safety.,Fly on floor; floor stops arms at depth.,Watch Video,w_room,Weight Room,Chest isolation with floor safety.,Barbell/Dumbbells
105,Svend Press,Beg,Chest,Low,3,15,--,30s,Pec Tension,‚≠ê,None,Squeeze,Definition,Chest squeeze and definition.,Pinch plates; press forward and back.,Watch Video,w_room,Weight Room,Chest squeeze and definition.,Weight Plate
4,Bench Press,Beg,Chest,Med,4,10,--,90s,Chest Mass,‚≠ê‚≠ê,Push Up,Force Prod.,Stability,Stable compound chest press.,Lie flat; press weights; elbows at 45¬∞.,Watch Video,w_room,Weight Room,Stable compound chest press.,"Dumbbells, Bench"
6,Dumbbell Fly,Beg,Chest,Low,3,12,--,45s,Chest Stretch,‚≠ê,Bench Press,Flexibility,Pec Detail,Isolates pectorals via a wide arc.,"Lower in arc until stretch; ""hug"" to center.",Watch Video,w_room,Weight Room,Isolates pectorals via a wide arc.,"Dumbbells, Bench"
10,Incline Bench,Inter,Chest,Med,3,10,--,60s,Upper Pec,‚≠ê‚≠ê,Bench Press,Front Delt,Upper Fill,Targets the clavicular head.,Bench at 45¬∞; press from upper chest.,Watch Video,w_room,Weight Room,Targets the clavicular head.,"Dumbbells, Incline Bench"
31,Incline Fly,Inter,Chest,Low,3,12,--,45s,Upper Pec Iso,‚≠ê‚≠ê,DB Fly,Upper Stretch,Pec Fibers,Targets upper chest fibers.,Bench at 45¬∞; perform wide fly motion.,Watch Video,w_room,Weight Room,Targets upper chest fibers.,"Dumbbells, Incline Bench"
34,Squeeze Press,Inter,Chest,Med,3,10,--,60s,Inner Pec,‚≠ê‚≠ê,Bench Press,Chest Tension,Pec Squeeze,Constant tension chest press.,Press weights together; perform bench press.,Watch Video,w_room,Weight Room,Constant tension chest press.,Dumbbells
35,Floor Press,Inter,Chest,Low,3,12,--,60s,Lockout,‚≠ê,Bench Press,Tri Power,Bench Assist,Targets the top half of the press.,Lie on floor; lower until elbows touch; press.,Watch Video,w_room,Weight Room,Targets the top half of the press.,Dumbbells
49,Alt. Bench,Inter,Chest,Med,3,10ea,--,60s,Stab./Tension,‚≠ê‚≠ê,Bench Press,Coordination,Time under T.,One arm stays up while other presses.,Hold both up; lower/press one at a time.,Watch Video,w_room,Weight Room,One arm stays up while other presses.,"Dumbbells, Bench"
52,Incl Squeeze Pr,Inter,Chest,Med,3,10,--,60s,Upper Inner,‚≠ê‚≠ê,Squeeze Press,Upper Pec,Definition,Upper chest tension focus.,Incline bench; press weights together.,Watch Video,w_room,Weight Room,Upper chest tension focus.,"Dumbbells, Incline Bench"
55,Decline Bench,Inter,Chest,Med,3,10,--,60s,Lower Pec,‚≠ê‚≠ê,Bench Press,Lower Pec Def,Press Power,Targets lower pectoral fibers.,Bench at downward angle; press weights.,Watch Video,w_room,Weight Room,Targets lower pectoral fibers.,"Dumbbells, Decline Bench"
60,Around Worlds,Inter,Chest,Low,3,12,--,45s,Mobility/Pec,‚≠ê,None,Sh. Health,Pec Stretch,Chest mobility and pectoral work.,Move weights in arc from hips to overhead.,Watch Video,w_room,Weight Room,Chest mobility and pectoral work.,Dumbbells
1,Alt. MB Push Up,Beg,Chest,Med,3,12,--,45s,Asym. Strength,‚≠ê‚≠ê,Push-up,Shoulder Stab.,Chest Balance,Push-up addressing strength imbalances.,One hand on ball; push up; roll ball to other hand.,Watch Video,all,Weight Room,Push-up addressing strength imbalances.,Medicine Ball
7,MB Push Up,Beg,Chest,Med,3,10,--,45s,Stability,‚≠ê‚≠ê,Push-up,Wrist Strength,Core Shield,Increases instability for stabilizers.,Both hands on ball; elbows tucked; lower chest.,Watch Video,all,Weight Room,Increases instability for stabilizers.,Medicine Ball
13,Partner Chest Pass,Beg,Chest,High,3,15,--,60s,Upper Power,‚≠ê‚≠ê,None,Reaction Time,Pass Velocity,Upper body explosive power/coordination.,Push ball from chest explosively to partner.,Watch Video,all,Weight Room,Upper body explosive power/coordination.,Medicine Ball
28,Partner Roll PU,Inter,Chest,High,3,10ea,--,60s,Team Stability,‚≠ê‚≠ê‚≠ê,MB Push Up,Control,Athleticism,Advanced stability and teamwork drill.,Push-up; roll ball to partner; they push-up.,Watch Video,all,Weight Room,Advanced stability and teamwork drill.,Medicine Ball
1,Cable Crossover,Beg,Chest,Low,3,12-15,--,45s,Pec Isolation,‚≠ê,None,Chest Squeeze,Mind-Muscle,Constant tension for pectoral muscles.,Stand center; pull in wide arc to meet in front.,Watch Video,w_room,Weight Room,Constant tension for pectoral muscles.,Cable Machine
2,Low Cable Fly,Inter,Chest,Med,3,12,--,45s,Upper Pec,‚≠ê‚≠ê,Crossover,Upper Fill,Fiber Recruit,Emphasizes upper-to-mid chest fibers.,Pulleys at bottom; pull upward toward chin.,Watch Video,w_room,Weight Room,Emphasizes upper-to-mid chest fibers.,Cable Machine
4,Cable Press,Beg,Chest,Med,3,10,--,60s,Press Stability,‚≠ê‚≠ê,Push-up,Bracing,Force Prod.,Stable compound press for chest/triceps.,Staggered stance; press forward like bench.,Watch Video,w_room,Weight Room,Stable compound press for chest/triceps.,Cable Machine
5,Mid Crossover,Beg,Chest,Low,3,12,--,45s,Sternal Pec,‚≠ê,None,Pec Width,Mid-Chest Mass,Targets the middle portion of the pecs.,Pulleys at chest height; pull to sternum.,Watch Video,w_room,Weight Room,Targets the middle portion of the pecs.,Cable Machine
9,SA Low Fly,Beg,Chest,Low,3,12ea,--,30s,Symmetry,‚≠ê,Low Fly,Core Brace,Pec Balance,Unilateral isolation for chest asymmetry.,One low pulley; pull across to opposite shoulder.,Watch Video,w_room,Weight Room,Unilateral isolation for chest asymmetry.,Cable Machine
11,Incline Bench Fly,Inter,Chest,Low,3,12,--,45s,Upper Isolation,‚≠ê‚≠ê,Incline Press,Bench Steady,Upper Pec Pop,Precision isolation for upper pectorals.,Lie on incline bench; pull handles above face.,Watch Video,w_room,Weight Room,Precision isolation for upper pectorals.,Cable Machine/Dumbbells
12,Flat Bench Fly,Inter,Chest,Low,3,12,--,45s,Chest Mass,‚≠ê‚≠ê,Bench Press,Squeeze Power,Pec Thickness,Stable isolation for chest mass/strength.,Lie on flat bench; pull handles in wide arc.,Watch Video,w_room,Weight Room,Stable isolation for chest mass/strength.,Cable Machine/Dumbbells
12,Resisted Push Up,Beg,Chest,Med,3,10,--,60s,Chest Power,‚≠ê‚≠ê,Push Up,Force Prod.,Explosive Push,Adds variable resistance to chest press.,Band across back; perform standard push-up.,Watch Video,all,Weight Room,Adds variable resistance to chest press.,Resistance Band
15,Stnd. Chest Press,Beg,Chest,Med,3,12,--,45s,Stab./Chest,‚≠ê‚≠ê,None,Core Bracing,Press Control,Standing press for chest and stability.,Anchor behind; press forward at chest height.,Watch Video,all,Weight Room,Standing press for chest and stability.,Cable Machine/Band
21,Incline Press,Beg,Chest,Med,3,12,--,45s,Upper Pec,‚≠ê‚≠ê,Chest Press,Front Delt Str.,Upper Chest Dev,Targets upper pectorals and front delts.,Anchor low; press forward/upward at 45¬∞.,Watch Video,all,Weight Room,Targets upper pectorals and front delts.,Cable Machine/Band
23,Decline Press,Beg,Chest,Med,3,12,--,45s,Lower Pec,‚≠ê‚≠ê,Chest Press,Pec Def.,Press Power,Targets lower pectoral fibers.,Anchor high; press handles down toward hips.,Watch Video,all,Weight Room,Targets lower pectoral fibers.,Cable Machine/Band
24,SA Incline Press,Beg,Chest,Med,3,10ea,--,45s,Unilat. Pow,‚≠ê‚≠ê,Incline Press,Core Bracing,Symmetry,Unilateral upper chest isolation.,Press upward with one arm; stay square.,Watch Video,all,Weight Room,Unilateral upper chest isolation.,Cable Machine/Band
33,Single Arm Fly,Beg,Chest,Low,3,12ea,--,30s,Chest Stretch,‚≠ê,None,Pec Isolation,Squeeze,Unilateral isolation for chest stretch.,Pull arm across chest in arc; arm straight.,Watch Video,all,Weight Room,Unilateral isolation for chest stretch.,Cable Machine/Band
38,Push Up on Knees,Beg,Chest,Low,3,15,--,45s,Push Found.,‚≠ê,None,Chest Endur.,Volume,Regressed push-up with resistance.,On knees; band across back; press control.,Watch Video,all,Weight Room,Regressed push-up with resistance.,Bodyweight
67,Partner Chest Pr,Beg,Chest,Low,3,12,--,45s,Dynamic Res.,‚≠ê,None,Stability,Coordination,Dynamic social strength training.,Partners press vs each other's resistance.,Watch Video,all,Weight Room,Dynamic social strength training.,Resistance Band (Partner)
106,Chest Pull-Over,Inter,Chest,Low,3,12,--,60s,Stretch,‚≠ê,None,Rib Cage,Lat Stretch,Stretches chest and engages lats.,Lie on bench; lower bar behind head.,Watch Video,w_room,Weight Room,Stretches chest and engages lats.,Barbell/Dumbbell
43,Palms-Up Wrist Curl,Beg,Forearms,Low,3,20,--,45s,Flexor Str.,‚≠ê,None,Grip,Forearm Mass,Targets inner forearm flexors.,Forearms on bench; curl wrists upward.,Watch Video,w_room,Weight Room,Targets inner forearm flexors.,Barbell/Dumbbell
48,Palms-Down Wrist,Beg,Forearms,Low,3,20,--,45s,Extensor Str.,‚≠ê,None,Grip,Wrist Health,Targets outer forearm extensors.,Forearms on bench; curl palms downward.,Watch Video,w_room,Weight Room,Targets outer forearm extensors.,Barbell/Dumbbell
54,Wrist Curl (Up),Beg,Forearms,Low,3,20,--,30s,Flexor Str,‚≠ê,None,Grip,Forearm Size,Direct inner forearm isolation.,Forearms on thighs; palms up; curl wrists up.,Watch Video,w_room,Weight Room,Direct inner forearm isolation.,Dumbbell/Barbell
58,Wrist Curl (Dn),Beg,Forearms,Low,3,20,--,30s,Extensor Str,‚≠ê,None,Grip Health,Forearm Shape,Direct outer forearm isolation.,Forearms on thighs; palms down; curl up.,Watch Video,w_room,Weight Room,Direct outer forearm isolation.,Dumbbell/Barbell
23,SA Farmer Walk,Beg,Forearms,Med,3,--,40s Work,45s,Grip/Core,‚≠ê,None,Grip Dur.,Anti-Lateral,Functional grip and anti-lateral core work.,Hold heavy bell; walk with perfect posture.,Watch Video,w_room,Weight Room,Functional grip and anti-lateral core work.,Kettlebell/Dumbbell
37,Bottoms-Up Clean,Inter,Forearms,High,3,8ea,--,60s,Grip Control,‚≠ê‚≠ê‚≠ê,KB Clean,Forearm Size,Wrist Stab.,Grip and forearm control movement.,Clean bell into vertical bottoms-up hold.,Watch Video,w_room,Weight Room,Grip and forearm control movement.,Kettlebell
1,Kneeling Row,Beg,Full Body,Back,Low,3,12ea,--,45s,Unilat. Pull,‚≠ê,None,Flat Back,Scap. Control,Targets back independently to fix imbalances.,Watch Video,üé•,all,Scap. Control,Cable Machine/Band
2,Glute Bridge,Beg,Full Body,Hamstrings,Low,3,15,30s Hold,30s,Post. Chain,‚≠ê,None,Hip Extension,Glute Active,Performed as a hold/rep to recruit hip stabilizers.,Watch Video,üé•,all,Glute Active,Bodyweight
3,Fire Hydrant,Beg,Full Body,Glutes,Low,3,15ea,--,30s,Glute Medius,‚≠ê,None,Core Stability,Hip Mobility,Isolation movement targeting glutes via lateral lift.,Watch Video,üé•,all,Hip Mobility,Bodyweight/Mini Band
4,SL RDL w/ Row,Beg,Full Body,Back,High,3,10ea,--,60s,Balance/Pull,‚≠ê‚≠ê‚≠ê,RDL Form,Ankle Stability,CNS Integration,Combines hinge balance with a row for posture.,Watch Video,üé•,all,CNS Integration,Kettlebell/Dumbbell
5,Glute Thrust,Beg,Full Body,Hamstrings,Med,3,12,--,45s,Power Ext.,‚≠ê‚≠ê,Bridge,Snap Hips,Power Output,Amplifies bridge benefits by adding explosive resistance.,Watch Video,üé•,all,Power Output,Bodyweight/Barbell
6,Standing Hip Ext,Beg,Full Body,Glutes,Low,3,15ea,--,30s,Glute Max,‚≠ê,None,No Back Arch,Postural Hold,Standing isolation extending leg out behind you.,Watch Video,üé•,all,Postural Hold,Cable Machine/Band
7,Tricep Press,Beg,Full Body,Triceps,Low,3,12ea,--,30s,Arm Isolation,‚≠ê,None,Full Lockout,Muscle Tone,Portable way to target triceps through full range.,Watch Video,üé•,all,Muscle Tone,Cable Machine/Band
8,Hip Thrust,Beg,Full Body,Glutes,Med,4,12,--,60s,Peak Glute,‚≠ê‚≠ê,Bridge,Knee Alignment,Max Contract,Compound move using band for hip abduction.,Watch Video,üé•,all,Max Contract,Barbell/Dumbbell
9,Overhead Fly,Beg,Full Body,Shoulders,Low,3,15,--,30s,Rear Delt,‚≠ê,None,Shoulder Health,Scap. Stability,Targets deltoids and upper back for aesthetics.,Watch Video,üé•,all,Scap. Stability,Cable Machine/Band
10,Lateral Walk,Beg,Full Body,Abductors,Med,3,15ea,--,45s,Lat. Stability,‚≠ê‚≠ê,Squat Form,Knee Tracking,Lateral Speed,Challenges hip abduction and lateral stability.,Watch Video,üé•,all,Lateral Speed,Mini Band
11,Kneeling Curl,Beg,Full Body,Biceps,Low,3,12ea,--,30s,Bicep Iso,‚≠ê,None,Still Elbows,Peak Tension,Isolates biceps while engaging kneeling core.,Watch Video,üé•,all,Peak Tension,Resistance Band/Cable
12,Mini Band Squat,Beg,Full Body,Quads,Med,3,15,--,45s,Knee Tracking,‚≠ê‚≠ê,Body Squat,Knees Out,Squat Depth,Forces recruitment to prevent knee collapse.,Watch Video,üé•,all,Squat Depth,Mini Band
13,Side-Lying Clam,Beg,Full Body,Abductors,Low,3,20ea,--,30s,Hip Stability,‚≠ê,None,Hips Square,Pelvic Control,Classic PT move for hip and pelvic health.,Watch Video,üé•,all,Pelvic Control,Mini Band
14,Lat. Sh. Raise,Beg,Full Body,Shoulders,Low,3,12ea,--,30s,Medial Delt,‚≠ê,None,No Shrugging,Shoulder Width,Variable tension increases difficulty vs DBs.,Watch Video,üé•,all,Shoulder Width,Dumbbells/Band
15,Alt. Leg Raises,Beg,Full Body,Quads,Med,3,10ea,--,45s,Lower Ab,‚≠ê‚≠ê,Plank,Flat Low Back,Core Endurance,Challenges core/flexors via resisted lifts.,Watch Video,üé•,all,Core Endurance,Bodyweight
16,Alt. Lat. Raise,Beg,Full Body,Shoulders,Low,3,12ea,--,30s,Stability,‚≠ê,None,Stability,Coordination,Alternating sides increases core time under tension.,Watch Video,üé•,all,Coordination,Dumbbells/Band
17,Mini Band Lunge,Beg,Full Body,Quads,Med,3,10ea,--,45s,Quad Stability,‚≠ê‚≠ê,Lunge,Balanced Torso,Knee Tracking,Intensifies lunge by adding stabilizer tension.,Watch Video,üé•,all,Knee Tracking,Mini Band
18,Side Hip Abduct,Beg,Full Body,Abductors,Low,3,15ea,--,30s,Hip Strength,‚≠ê,None,Leg Straight,Hip Stability,Isolates outer glute and hip muscles.,Watch Video,üé•,all,Hip Stability,Mini Band
19,Reverse Fly,Beg,Full Body,Shoulders,Low,3,15,--,30s,Post. Delt,‚≠ê,None,Posture,Scap. Retract,Improves posture by strengthening rear delts.,Watch Video,üé•,all,Scap. Retract,Dumbbells/Band
20,Toe Touch,Beg,Full Body,Abs,Med,3,20,--,30s,Ab Tone,‚≠ê‚≠ê,Crunch,Reach High,Ab Definition,Increases resistance during resisted crunch.,Watch Video,üé•,all,Ab Definition,Bodyweight
21,Leg Raise,Beg,Full Body,Abs,High,3,12,--,60s,Core Strength,‚≠ê‚≠ê‚≠ê,Alt. Leg Raise,No Back Arch,Core Bracing,Intensifies challenge on lower abs/flexors.,Watch Video,üé•,all,Core Bracing,Bodyweight
22,Jump Squat,Beg,Full Body,Quads,High,4,8,--,90s,Explosive,‚≠ê‚≠ê‚≠ê,Squat,Soft Landing,Vertical Leap,Combines plyometrics with resistance.,Watch Video,üé•,all,Vertical Leap,Bodyweight
23,Lunge Kickback,Beg,Full Body,Quads,Med,3,10ea,--,45s,Post. Chain,‚≠ê‚≠ê,Lunge,Balance,Triple Ext.,Enhances hip extension with a lunge kickback.,Watch Video,üé•,all,Triple Ext.,Bodyweight/Band
24,Plank Kickback,Beg,Full Body,Abs,High,3,10ea,--,60s,Core/Glute,‚≠ê‚≠ê‚≠ê,Plank,Level Hips,Anti-Rotation,Challenges core while firing the glute.,Watch Video,üé•,all,Anti-Rotation,Bodyweight/Band
25,Mt. Climber,Beg,Full Body,Abs,High,3,20ea,30s Sprint,60s,Metabolic,‚≠ê‚≠ê‚≠ê,Plank,Fast Feet,Engine Build,High-intensity move with resisted knee drive.,Watch Video,üé•,all,Engine Build,Bodyweight
26,Scap Retraction,Beg,Full Body,Shoulders,Low,3,15,--,30s,Upper Back,‚≠ê,None,Scap. Move,Shoulder Health,Focuses on shoulder blade movement.,Watch Video,üé•,all,Shoulder Health,Pull-up Bar/Band
27,Around World,Beg,Full Body,Abs,High,3,5ea,--,60s,Elite Stab.,‚≠ê‚≠ê‚≠ê,Plank,Total Control,Shoulder/Core,Complex plank lifting limbs against a tug.,Watch Video,üé•,all,Shoulder/Core,Dumbbells
28,Hip Flexor,Beg,Full Body,Quads,Med,3,15ea,--,30s,Stride Power,‚≠ê‚≠ê,None,Drive Knee,Sprint Power,Essential for improving sprint knee drive.,Watch Video,üé•,all,Sprint Power,Bodyweight/Band
29,Scissor Kick,Beg,Full Body,Abs,Med,3,--,45s Work,45s,Ab Endurance,‚≠ê‚≠ê,Leg Raise,Speed/Tension,Lower Ab Power,Intensifies flutter kick for activation.,Watch Video,üé•,all,Lower Ab Power,Bodyweight
30,Standing Flexion,Beg,Full Body,Quads,Low,3,15ea,--,30s,Hip Mobility,‚≠ê,None,Tall Spine,Balance,Standing isolation for flexors and quads.,Watch Video,üé•,all,Balance,Bodyweight/Band
31,Bridge w/ Raise,Inter,Full Body,Glutes,High,3,8ea,--,60s,Unilat. Stab.,‚≠ê‚≠ê‚≠ê,Bridge,Hips High,Core Sync,Addresses strength imbalances between sides.,Watch Video,üé•,all,Core Sync,Bodyweight
32,Hydrant Circle,Beg,Full Body,Abductors,Med,3,10ea,--,30s,Hip Range,‚≠ê‚≠ê,Hydrant,Fluid Motion,Joint Health,Enhances mobility via circular motions.,Watch Video,üé•,all,Joint Health,Bodyweight
33,Banded Curtsy,Inter,Full Body,Quads,Med,3,12ea,--,45s,Side Glute,‚≠ê‚≠ê,Lunge,Torso Facing,Hip Mobility,Engages hips/glutes more than standard lunge.,Watch Video,üé•,all,Hip Mobility,Mini Band
11,Barbell Hip Thrust,Inter,Glutes,Med,4,10-12,--,90s,Glute Power,‚≠ê‚≠ê,Bridge,Glute Active,Sprint Power,Maximum glute isolation and power.,Back on bench; bar on hips; drive up.,Watch Video,w_room,Weight Room,Maximum glute isolation and power.,"Barbell, Bench/Pad"
25,BB Glute Bridge,Inter,Glutes,Med,3,12,--,60s,Glute Snap,‚≠ê‚≠ê,Bridge,Hip Drive,Floor Power,Power movement for glute activation.,Lie on floor; drive hips up; squeeze glutes.,Watch Video,w_room,Weight Room,Power movement for glute activation.,Barbell
26,Kneeling Squat,Inter,Glutes,Low,3,15,--,60s,Glute Finish,‚≠ê,None,Hip Extension,Glute Shape,Removes knee strain to isolate hips.,Kneel; sit on heels; drive hips forward.,Watch Video,w_room,Weight Room,Removes knee strain to isolate hips.,Barbell
43,Hip Thrust,Inter,Glutes,Med,4,12,1s Hold,90s,Glute Power,‚≠ê‚≠ê‚≠ê,Bridge,Hip Snap,Force Prod.,Peak glute isolation.,Back against bench; weight on hips; drive up.,Watch Video,w_room,Weight Room,Peak glute isolation.,"Dumbbell, Bench"
46,Glute Bridge,Beg,Glutes,Low,3,15,2s Hold,45s,Glute Active,‚≠ê,None,Activation,Posterior Str,Floor-based glute isolation.,Lie on back; weight on hips; lift toward ceiling.,Watch Video,w_room,Weight Room,Floor-based glute isolation.,Dumbbell
7,American Swing,Inter,Glutes,High,4,15,--,60s,OH Power,‚≠ê‚≠ê‚≠ê,KB Swing,Sh. Mobility,CrossFit Prep,Full-range swing used in power drills.,Swing all the way overhead; keep core tight.,Watch Video,w_room,Weight Room,Full-range swing used in power drills.,Kettlebell
4,Lunge w/ Twist,Inter,Glutes,Med,3,10ea,--,45s,Rot. Stability,‚≠ê‚≠ê,Lunge,Balance,Kinetic Chain,Lower body strength with rotational stability.,Lunge forward; twist ball over front leg.,Watch Video,all,Weight Room,Lower body strength with rotational stability.,Medicine Ball
8,MB Hip Thrusts,Beg,Glutes,Low,3,15,--,45s,Glute Iso,‚≠ê,Bridge,Hip Extension,Glute Active,Weighted bridge for glute isolation.,Shoulders on bench; ball on hips; drive up.,Watch Video,all,Weight Room,Weighted bridge for glute isolation.,Medicine Ball
11,MB Glute Bridge,Beg,Glutes,Low,3,15,--,30s,Glute Strength,‚≠ê,None,Pelvic Align.,Glute Pump,Floor-based glute and core strengthener.,Lie on back; ball on hips; lift hips to ceiling.,Watch Video,all,Weight Room,Floor-based glute and core strengthener.,Medicine Ball
16,MB Reverse Lunge,Inter,Glutes,Med,3,12ea,--,45s,Weighted Lunge,‚≠ê‚≠ê,Lunge,Knee Tracking,Unilat. Power,Glute-focused weighted lunge.,Step back into lunge; drive through front heel.,Watch Video,all,Weight Room,Glute-focused weighted lunge.,Medicine Ball
18,MB Curtsy Lunge,Inter,Glutes,Med,3,12ea,--,45s,Hip Stability,‚≠ê‚≠ê,Lunge,Glute Medius,Lateral Bal.,Weighted move for glutes and stability.,Step foot behind and across; hold ball at chest.,Watch Video,all,Weight Room,Weighted move for glutes and stability.,Medicine Ball
21,SL Bridge Squeeze,Inter,Glutes,Med,3,12ea,--,45s,Adductor Iso,‚≠ê‚≠ê,Bridge,Pelvic Stab.,Inner Thigh Str,Unilateral glute and adductor isolation.,One-leg bridge; squeeze ball between knees.,Watch Video,all,Weight Room,Unilateral glute and adductor isolation.,Medicine Ball
10,Side Step,Beg,Glutes,Med,3,15ea,--,30s,Hip Stab.,‚≠ê‚≠ê,None,Knee Track,Lateral Speed,Lateral move for hip/abductor stability.,Band at ankles; half-squat; step sideways.,Watch Video,all,Weight Room,Lateral move for hip/abductor stability.,Mini Band
13,Glute Kickback,Beg,Glutes,Low,3,15ea,--,30s,Glute Shape,‚≠ê,None,Hip Extension,Glute Activation,Isolation move for glute shaping.,On all fours; kick foot back against band.,Watch Video,all,Weight Room,Isolation move for glute shaping.,Cable Machine/Band
60,Hip Thrust,Beg,Glutes,Med,4,12,--,60s,Glute Power,‚≠ê‚≠ê,Bridge,Hip Snap,Force Prod.,Peak glute contraction move.,Hips drive up; band adds top tension.,Watch Video,all,Weight Room,Peak glute contraction move.,Resistance Band
65,Partner Rev Leg,Beg,Glutes,Low,3,15,--,45s,Team/Glute,‚≠ê,None,Funct. Range,Recovery,Assisted glute and hamstring work.,Partner provides resistance for lifts.,Watch Video,all,Weight Room,Assisted glute and hamstring work.,Bodyweight (Partner)
29,Sumo Squat,Beg,Quads,Med,3,15,--,60s,Inner Thigh,‚≠ê‚≠ê,Squat,Hip Mobility,Adductor Str,Wide-stance squat variation.,Wide stance; toes out; hold weights between legs.,Watch Video,w_room,Weight Room,Wide-stance squat variation.,Dumbbell
4,Deadlift,Inter,Hamstrings,Max,3,5,--,240s,Post. Chain,‚≠ê‚≠ê‚≠ê,Hinge,1.5x BW,2.5x BW,Full-body pull for posterior chain.,Hinge to grip; pull close to shins to lockout.,Watch Video,w_room,Weight Room,Full-body pull for posterior chain.,"Barbell, Plates"
9,Romanian Deadlift,Inter,Hamstrings,Med,3,10-12,--,90s,Hinge Pattern,‚≠ê‚≠ê,Deadlift,Hip Mobility,Hame String Size,Emphasizes hip hinge and stretch.,Hinge hips back; lower bar to mid-shin.,Watch Video,w_room,Weight Room,Emphasizes hip hinge and stretch.,Barbell
15,Good Morning,Inter,Hamstrings,Med,3,8-12,--,90s,Post. Strength,‚≠ê‚≠ê,Hinge,Back Support,Hinge Strength,Posterior chain strengthener.,Bar on traps; hinge until torso is parallel.,Watch Video,w_room,Weight Room,Posterior chain strengthener.,Barbell
30,Power Clean,Inter,Hamstrings,Max,5,3,--,180s,Explosive,‚≠ê‚≠ê‚≠ê,Deadlift,Triple Ext.,Field Speed,Explosive full-body power movement.,"Pull from floor; ""catch"" bar on shoulders.",Watch Video,w_room,Weight Room,Explosive full-body power movement.,"Barbell, Bumper Plates"
32,Sumo Deadlift,Inter,Hamstrings,Max,3,5,--,240s,Wide Pull,‚≠ê‚≠ê‚≠ê,Deadlift,Glute Strength,Max Strength,Wide-stance pull for glutes and hams.,Wide stance; grip bar inside legs; drive floor.,Watch Video,w_room,Weight Room,Wide-stance pull for glutes and hams.,Barbell
39,Clean,Inter,Hamstrings,Max,5,2,--,180s,Olympic Lift,‚≠ê‚≠ê‚≠ê,Power Clean,Triple Ext.,Elite Power,Full Olympic transition to front rack.,Pull from floor; catch in deep front squat.,Watch Video,w_room,Weight Room,Full Olympic transition to front rack.,"Barbell, Bumper Plates"
50,Clean Deadlift,Adv,Hamstrings,High,4,3,--,150s,Pull Mechanics,‚≠ê‚≠ê‚≠ê,Deadlift,First Pull,Olympic Prep,Mimics the first pull of a Clean.,Start hips low; chest up; vertical path.,Watch Video,w_room,Weight Room,Mimics the first pull of a Clean.,Barbell
52,Stiff-Legged DL,Inter,Hamstrings,Med,3,10,--,90s,Hamstring Iso,‚≠ê‚≠ê,Deadlift,Stretch,Hame Size,Focuses on hamstring elongation.,Legs locked; lower bar to feel stretch.,Watch Video,w_room,Weight Room,Focuses on hamstring elongation.,Barbell
56,Landmine RDL,Beg,Hamstrings,Low,3,12,--,60s,Hinge Form,‚≠ê,None,Hinge Pattern,Hip Stability,Stable hip hinge variation.,Stand at bar end; hinge hips back; pull.,Watch Video,w_room,Weight Room,Stable hip hinge variation.,"Barbell, Landmine Base"
58,DL to Calf Raise,Inter,Hamstrings,High,3,10,--,90s,Posterior/Calf,‚≠ê‚≠ê,Deadlift,Balance,Ankle Power,Combines posterior chain and calf work.,Deadlift then rise onto toes at top.,Watch Video,w_room,Weight Room,Combines posterior chain and calf work.,Barbell
65,Hang Snatch,Inter,Hamstrings,Max,5,3,--,180s,Speed-Strength,‚≠ê‚≠ê‚≠ê,Overhead Sq,Athleticism,Explosive,Explosive overhead pull from the hang.,One motion from thighs to overhead.,Watch Video,w_room,Weight Room,Explosive overhead pull from the hang.,Barbell
66,Power Snatch,Inter,Hamstrings,Max,5,3,--,180s,Expl. Pull,‚≠ê‚≠ê‚≠ê,Snatch,Power,Field Speed,Floor-to-overhead explosive lift.,Pull from floor; catch overhead in partial sq.,Watch Video,w_room,Weight Room,Floor-to-overhead explosive lift.,Barbell
71,RDL to Shrug,Inter,Hamstrings,Med,3,10,--,90s,Combo Move,‚≠ê‚≠ê,RDL,Posterior,Trap Dev,Compound pull for hams and traps.,Perform RDL; perform shrug at top.,Watch Video,w_room,Weight Room,Compound pull for hams and traps.,Barbell
73,Snatch Grip DL,Inter,Hamstrings,High,3,5,--,180s,Rom / Upper Bk,‚≠ê‚≠ê‚≠ê,Deadlift,Grip,Back Size,Increases range of motion for the pull.,Grip bar very wide; hips lower; pull.,Watch Video,w_room,Weight Room,Increases range of motion for the pull.,Barbell
107,Zercher Deadlift,Adv,Hamstrings,High,3,5,--,150s,Core/Pull,‚≠ê‚≠ê‚≠ê,Zercher Sq,Pure Power,Low Pull,Deep pull from the floor.,Bar in crooks of elbows; pull from floor.,Watch Video,w_room,Weight Room,Deep pull from the floor.,Barbell
108,Deficit Deadlift,Adv,Hamstrings,Max,3,5,--,180s,Leg Drive,‚≠ê‚≠ê‚≠ê,Deadlift,First Pull,Strength,Increases leg drive from floor.,Stand on plate; pull from lower position.,Watch Video,w_room,Weight Room,Increases leg drive from floor.,"Barbell, Platform/Plate"
110,Snatch Grip RDL,Inter,Hamstrings,Med,3,10,--,90s,Upper Bk/Ham,‚≠ê‚≠ê,RDL,Mobility,Ham. Size,Extra stretch for hamstrings.,Wide grip; perform RDL.,Watch Video,w_room,Weight Room,Extra stretch for hamstrings.,Barbell
15,Romanian DL,Inter,Hamstrings,High,3,12,--,60s,Posterior Pow,‚≠ê‚≠ê‚≠ê,Hinge,Ham. Stretch,Hip Snap,Foundational hip-hinge movement.,Hinge at hips; slide weights down legs.,Watch Video,w_room,Weight Room,Foundational hip-hinge movement.,Dumbbells
25,Single Leg RDL,Inter,Hamstrings,High,3,10ea,--,60s,Balance/Hame,‚≠ê‚≠ê‚≠ê,RDL,Ankle Stab.,Hip Control,Unilateral posterior chain work.,Balance on one leg; hinge; non-standing leg back.,Watch Video,w_room,Weight Room,Unilateral posterior chain work.,Dumbbells/Kettlebell
41,Stiff Legged DL,Inter,Hamstrings,High,3,12,--,60s,Ham. Tension,‚≠ê‚≠ê‚≠ê,RDL,Flexibility,Ham. Size,Maximum tension on the hamstrings.,Legs straight; hinge until stretch; stand.,Watch Video,w_room,Weight Room,Maximum tension on the hamstrings.,Dumbbells
42,Dumbbell Clean,Adv,Hamstrings,Max,5,5,--,120s,Explosiveness,‚≠ê‚≠ê‚≠ê,RDL,Power,Triple Ext.,Full-body explosive pull.,Explode from squat; catch at shoulders.,Watch Video,w_room,Weight Room,Full-body explosive pull.,Dumbbells
1,KB Swing,Inter,Hamstrings,High,4,15-20,--,60s,Hip Power,‚≠ê‚≠ê‚≠ê,Hinge,Hip Snap,Power Output,Explosive hinge for power and conditioning.,Hinge; snap hips to swing bell to chest height.,Watch Video,w_room,Weight Room,Explosive hinge for power and conditioning.,Kettlebell
2,KB Sumo Squat,Inter,Hamstrings,Med,3,12,--,45s,Inner Thigh,‚≠ê‚≠ê,Squat,Hip Mobility,Glute Volume,Wide-stance squat for inner thighs/glutes.,Feet wide; toes out; keep chest up; lower deep.,Watch Video,w_room,Weight Room,Wide-stance squat for inner thighs/glutes.,Kettlebell
8,SL KB Deadlift,Inter,Hamstrings,High,3,10ea,--,60s,Balance,‚≠ê‚≠ê‚≠ê,Deadlift,Ankle Stab.,Hinge Control,Elite balance and posterior chain isolation.,Balance on one leg; hinge while lowering bell.,Watch Video,w_room,Weight Room,Elite balance and posterior chain isolation.,Kettlebell
11,SA KB Swing,Inter,Hamstrings,Med,3,12ea,--,45s,Anti-Rotation,‚≠ê‚≠ê,KB Swing,Core Tension,Grip Strength,Adds anti-rotational demand to the swing.,Standard swing with one hand; resist twisting.,Watch Video,w_room,Weight Room,Adds anti-rotational demand to the swing.,Kettlebell
12,Alt. SA Swing,Adv,Hamstrings,High,4,20,--,60s,Coordination,‚≠ê‚≠ê‚≠ê,SA Swing,Reflexes,Athleticism,Explosive coordination and core stability.,Switch hands in mid-air at the apex of swing.,Watch Video,w_room,Weight Room,Explosive coordination and core stability.,Kettlebell
18,KB Good Morning,Inter,Hamstrings,Med,3,12,--,45s,Hinge Stretch,‚≠ê‚≠ê,Hinge,Ham. Flex,Back Strength,Posterior chain stretch and strength.,Hold bell at chest; hinge hips back; soft knees.,Watch Video,w_room,Weight Room,Posterior chain stretch and strength.,Kettlebell
19,KB Power Clean,Inter,Hamstrings,High,4,8ea,--,60s,Catch Speed,‚≠ê‚≠ê‚≠ê,KB Swing,Explosive,Field Power,Explosive move from floor to rack.,"Pull; rotate hand to ""catch"" bell at shoulder.",Watch Video,w_room,Weight Room,Explosive move from floor to rack.,Kettlebell
24,SA KB Deadlift,Beg,Hamstrings,Med,3,10ea,--,45s,Bracing,‚≠ê,Deadlift,Alignment,Core Tension,Teaches core bracing during heavy pulls.,Bell between feet; hinge and pull one-handed.,Watch Video,w_room,Weight Room,Teaches core bracing during heavy pulls.,Kettlebell
27,KB Hang Clean,Inter,Hamstrings,High,4,8ea,--,60s,Hip Snap,‚≠ê‚≠ê‚≠ê,KB Swing,Power,Triple Ext.,Explosive power starting from the hips.,Start at thighs; snap hips; catch in rack.,Watch Video,w_room,Weight Room,Explosive power starting from the hips.,Kettlebell
9,MB SL RDL,Inter,Hamstrings,High,3,10ea,--,60s,Balance,‚≠ê‚≠ê‚≠ê,RDL,Ankle Stab.,Hinge Control,Unilateral balance and hamstring stretch.,Hinge on one leg; lower ball; keep back flat.,Watch Video,all,Weight Room,Unilateral balance and hamstring stretch.,Medicine Ball
10,MB Romanian DL,Beg,Hamstrings,Med,3,12,--,45s,Hinge Found.,‚≠ê‚≠ê,None,Hinge Pattern,Ham. Flexibility,Foundation hinge with added resistance.,Hinge hips back; lower ball to mid-shins.,Watch Video,all,Weight Room,Foundation hinge with added resistance.,Medicine Ball
5,Good Morning,Beg,Hamstrings,Med,3,12,--,45s,Hinge Load,‚≠ê‚≠ê,Hinge,Hip Mobility,Hame String Size,Hinge move with peak tension at the top.,Band over neck/under feet; hinge at hips.,Watch Video,all,Weight Room,Hinge move with peak tension at the top.,Resistance Band
26,Romanian DL,Beg,Hamstrings,Med,3,15,--,45s,Post. Chain,‚≠ê‚≠ê,Hinge,Ham. Stretch,Hip Snap,Hip-hinge for posterior chain strength.,Hinge at hips; flat back; snap hips forward.,Watch Video,all,Weight Room,Hip-hinge for posterior chain strength.,Resistance Band
28,Deadlift,Beg,Hamstrings,High,4,10,--,60s,Pull Found.,‚≠ê‚≠ê‚≠ê,Hinge,Base Strength,Floor Power,Foundational pull for legs and back.,Squat/hinge; stand up to full lockout.,Watch Video,all,Weight Room,Foundational pull for legs and back.,Resistance Band
54,Stnd Ham. Curl,Beg,Hamstrings,Low,3,15ea,--,30s,Ham. Iso,‚≠ê,None,Knee Health,Ham. Shape,Standing isolation for back of legs.,Curl heel to glute; knees aligned.,Watch Video,all,Weight Room,Standing isolation for back of legs.,Resistance Band/Cable
55,Kneeling DL,Beg,Hamstrings,Low,3,15,--,45s,Glute/Hinge,‚≠ê,Hinge,Hip Drive,Recovery Pull,Glute/hinge for limited mobility.,Kneeling; hinge back and drive hips.,Watch Video,all,Weight Room,Glute/hinge for limited mobility.,Resistance Band/Barbell
59,Prone Ham. Curl,Beg,Hamstrings,Low,3,15,--,45s,Ham. Volume,‚≠ê,None,Ham. Health,Size,Lying isolation for leg curls.,Face down; curl heels toward glutes.,Watch Video,all,Weight Room,Lying isolation for leg curls.,Resistance Band/Machine
111,GM to Squat,Inter,Quads,High,3,8,--,120s,Coordination,‚≠ê‚≠ê‚≠ê,Good Morning,Functional,Athleticism,Posterior/Anterior chain combo.,Perform GM; transition into squat.,Watch Video,w_room,Weight Room,Posterior/Anterior chain combo.,Barbell
22,Squat to Press,Inter,Quads,High,4,10,--,90s,Full Power,‚≠ê‚≠ê‚≠ê,Squat,Coordination,Athleticism,Explosive full-body movement.,Squat; use momentum to press overhead.,Watch Video,w_room,Weight Room,Explosive full-body movement.,Dumbbells/Barbell
3,Back Squat,Inter,Quads,High,5,5,--,180s,Foundational,‚≠ê‚≠ê‚≠ê,Body Squat,1.5x BW,2x BW,The foundational lower-body lift.,Bar on traps; sit back to parallel; drive up.,Watch Video,w_room,Weight Room,The foundational lower-body lift.,"Barbell, Squat Rack"
14,Front Squat,Inter,Quads,High,4,6-8,--,120s,Core/Quads,‚≠ê‚≠ê‚≠ê,Back Squat,Upright Torso,Quad Isolation,Emphasizes quads and core stability.,Rack bar on delts; keep elbows high.,Watch Video,w_room,Weight Room,Emphasizes quads and core stability.,"Barbell, Squat Rack"
21,Barbell Lunge,Inter,Quads,Med,3,10ea,--,90s,Unilat. Power,‚≠ê‚≠ê,Body Lunge,Balance,Hip Stability,Unilateral leg strength and balance.,Step forward until back knee touches floor.,Watch Video,w_room,Weight Room,Unilateral leg strength and balance.,Barbell
23,Bulgarian Split Sq,Inter,Quads,High,3,8ea,--,90s,Leg Imbalance,‚≠ê‚≠ê‚≠ê,Lunge,Hip Strength,Quad Detail,Deep unilateral quad and glute work.,One foot back on bench; squat on front leg.,Watch Video,w_room,Weight Room,Deep unilateral quad and glute work.,"Barbell, Bench"
29,Barbell Step Up,Inter,Quads,Med,3,10ea,--,60s,Vertical Power,‚≠ê‚≠ê,Lunge,Jump Height,Leg Symmetry,Functional unilateral leg power.,Step onto box; drive through top heel.,Watch Video,w_room,Weight Room,Functional unilateral leg power.,"Barbell, Box/Bench"
34,Pause Back Squat,Inter,Quads,High,4,5,--,150s,Power Out Hole,‚≠ê‚≠ê‚≠ê,Back Squat,Control,Expl. Drive,Builds power out of the bottom position.,Squat to bottom; hold 2s; stand explosively.,Watch Video,w_room,Weight Room,Builds power out of the bottom position.,"Barbell, Squat Rack"
40,Pulse Back Squat,Inter,Quads,Med,3,12,--,90s,Tension,‚≠ê‚≠ê,Back Squat,Endurance,Muscle Pump,Increases time under tension.,Bounce small at bottom before rising.,Watch Video,w_room,Weight Room,Increases time under tension.,"Barbell, Squat Rack"
47,Pause Front Squat,Inter,Quads,High,3,5,--,120s,Rack Stability,‚≠ê‚≠ê‚≠ê,Front Squat,Posture,Core Brace,Enhances front rack stability and power.,Pause at bottom; maintain high elbows.,Watch Video,w_room,Weight Room,Enhances front rack stability and power.,"Barbell, Squat Rack"
51,Box Squat,Adv,Quads,High,5,5,--,180s,Expl. Hips,‚≠ê‚≠ê‚≠ê,Back Squat,Power,Speed Squat,Develops explosive hip drive.,Squat to box; pause; drive upward.,Watch Video,w_room,Weight Room,Develops explosive hip drive.,"Barbell, Box/Bench"
53,Split Squat,Inter,Quads,Med,3,10ea,--,60s,Quad Iso,‚≠ê‚≠ê,Lunge,Stability,Knee Health,Static lunge for quad development.,Staggered stance; lower back knee to floor.,Watch Video,w_room,Weight Room,Static lunge for quad development.,Barbell/Dumbbells
57,LM Squat to Press,Inter,Quads,Med,3,10,--,90s,Full Body,‚≠ê‚≠ê,LM Press,Coordination,Athleticism,Full-body coordination and power.,Squat then explosively press at top.,Watch Video,w_room,Weight Room,Full-body coordination and power.,"Barbell, Landmine Base"
59,Hang Clean,Inter,Quads,High,5,3,--,150s,Expl. Power,‚≠ê‚≠ê‚≠ê,Power Clean,Speed,Vert. Power,"Explosive power from the ""hang.""",From mid-thigh; jump/shrug to catch.,Watch Video,w_room,Weight Room,"Explosive power from the ""hang.""",Barbell
60,Deep Partial Squat,Inter,Quads,Med,3,15,--,90s,Range Focus,‚≠ê‚≠ê,Back Squat,Endurance,Strength Arc,Targets the most difficult bottom range.,Squat deep; rise halfway; return to bottom.,Watch Video,w_room,Weight Room,Targets the most difficult bottom range.,"Barbell, Squat Rack"
63,Hang Power Clean,Inter,Quads,High,4,5,--,120s,High Catch,‚≠ê‚≠ê‚≠ê,Power Clean,Catch Speed,Foot Speed,High-catch explosive movement.,From thighs; catch on shoulders in partial sq.,Watch Video,w_room,Weight Room,High-catch explosive movement.,Barbell
72,Zercher Squat,Adv,Quads,High,4,8,--,120s,Core/Quad,‚≠ê‚≠ê‚≠ê,Back Squat,Core Brace,Lower Pow,Intense core and quad challenge.,Hold bar in elbows; squat deep.,Watch Video,w_room,Weight Room,Intense core and quad challenge.,Barbell
77,Jefferson Squat,Inter,Quads,Med,3,10,--,90s,Inner Thigh,‚≠ê‚≠ê,None,Mobility,Strength,Straddle squat for inner thigh/quads.,"Straddle bar; one hand front, one back.",Watch Video,w_room,Weight Room,Straddle squat for inner thigh/quads.,Barbell
78,Hack Squat (BB),Inter,Quads,Med,3,12,--,90s,Quad Dominant,‚≠ê‚≠ê,None,Leg Mass,Strength,Behind-the-legs squat for quads.,Hold bar behind heels; squat down.,Watch Video,w_room,Weight Room,Behind-the-legs squat for quads.,Barbell
121,Sissy Squat (BB),Adv,Quads,Med,3,10,--,90s,Quad Iso,‚≠ê‚≠ê‚≠ê,Squat,Flexibility,Quad Growth,Pure quad isolation.,Hold bar; lean back; squat on toes.,Watch Video,w_room,Weight Room,Pure quad isolation.,Barbell/Bodyweight
122,Zercher Lunge,Adv,Quads,High,3,8ea,--,120s,Core/Leg,‚≠ê‚≠ê‚≠ê,Zercher Sq,Stability,Power,Unilateral core/leg challenge.,Bar in elbows; perform lunges.,Watch Video,w_room,Weight Room,Unilateral core/leg challenge.,Barbell
123,Cossack Squat,Inter,Quads,Med,3,10ea,--,90s,Lat. Mobility,‚≠ê‚≠ê,Lunge,Hip Flex,Lateral Pow,Lateral leg mobility and power.,Wide stance; sit deep into one side.,Watch Video,w_room,Weight Room,Lateral leg mobility and power.,Bodyweight/Barbell
124,Wall Sit (Wght),Beg,Quads,Low,3,--,60s,60s,Isometric,‚≠ê,None,Endurance,Mental Tough,Isometric quad endurance.,Lean against wall; bar on lap for time.,Watch Video,w_room,Weight Room,Isometric quad endurance.,Weight Plate
11,Dumbbell Lunge,Beg,Quads,Med,3,12ea,--,60s,Unilat. Legs,‚≠ê‚≠ê,Lunge,Balance,Step Power,Weighted lower body strength.,Step forward; back knee to floor; shin vertical.,Watch Video,w_room,Weight Room,Weighted lower body strength.,Dumbbells
18,Dumbbell Squat,Beg,Quads,Med,3,15,--,60s,Leg Foundation,‚≠ê‚≠ê,Body Squat,Depth,Quad Volume,Beginner-friendly weighted squat.,Hold weights at sides; sit back on heels.,Watch Video,w_room,Weight Room,Beginner-friendly weighted squat.,Dumbbells
37,Step Up,Beg,Quads,Med,3,10ea,--,60s,Unilat. Power,‚≠ê‚≠ê,Lunge,Balance,Leg Drive,Functional lower body movement.,Step on box; drive through heel to lift.,Watch Video,w_room,Weight Room,Functional lower body movement.,"Dumbbells, Box"
44,Bulgarian Split,Adv,Quads,High,4,8ea,--,90s,Elite Unilat.,‚≠ê‚≠ê‚≠ê,Lunge,Hip Strength,Quad Detail,Advanced unilateral leg development.,Back foot on bench; squat with front leg.,Watch Video,w_room,Weight Room,Advanced unilateral leg development.,"Dumbbell, Bench"
45,Goblet Squat,Beg,Quads,Low,3,15,--,45s,Squat Pattern,‚≠ê,None,Depth,Mobility,Teaches proper squat mechanics.,Hold DB at chest; squat; elbows inside knees.,Watch Video,w_room,Weight Room,Teaches proper squat mechanics.,Dumbbell/Kettlebell
56,Single DB Sumo,Beg,Quads,Low,3,15,--,60s,Glute/Leg,‚≠ê,Sumo Squat,Mobility,Leg Volume,Heavy single-weight leg work.,Hold DB by end between legs; wide squat.,Watch Video,w_room,Weight Room,Heavy single-weight leg work.,Dumbbell
9,KB Goblet Squat,Inter,Quads,Med,4,12,--,60s,Posture,‚≠ê‚≠ê,Squat,Depth,Front Load,Best variation for teaching squat posture.,Hold at chest; elbows inside knees at bottom.,Watch Video,w_room,Weight Room,Best variation for teaching squat posture.,Kettlebell
10,KB Front Squat,Inter,Quads,Med,3,10ea,--,60s,Quad Focus,‚≠ê‚≠ê,Goblet Sq,Torso Angle,Symmetry,Unilateral focus with offset rack position.,"Hold in ""rack"" on forearm; maintain upright.",Watch Video,w_room,Weight Room,Unilateral focus with offset rack position.,Kettlebell(s)
13,Dual Front Squat,Inter,Quads,High,4,8,--,90s,Heavy Load,‚≠ê‚≠ê‚≠ê,KB Front Sq,Bracing,Total Mass,Heavy bilateral quad and core strengthener.,Rack two bells; tuck elbows; sit deep.,Watch Video,w_room,Weight Room,Heavy bilateral quad and core strengthener.,Kettlebells
21,Lunge w/ Rot.,Inter,Quads,Med,3,10ea,--,45s,Stability,‚≠ê‚≠ê,Lunge,Balance,Core Sync,Coordination-heavy leg and core move.,Step into lunge; rotate bell over front leg.,Watch Video,w_room,Weight Room,Coordination-heavy leg and core move.,Kettlebell/Med Ball
22,SA OH Lunge,Inter,Quads,High,3,8ea,--,60s,Elite Stab.,‚≠ê‚≠ê‚≠ê,OH Press,Scap. Control,Vertical Path,Extreme stability for shoulders and core.,Bell locked OH; lunge with vertical arm.,Watch Video,w_room,Weight Room,Extreme stability for shoulders and core.,Kettlebell
26,Suitcase DL,Beg,Quads,Med,3,12ea,--,45s,Side Load,‚≠ê,None,Level Hips,Core Bracing,Core-intensive pull with weight at side.,Bell at side; deadlift up; resist leaning.,Watch Video,w_room,Weight Room,Core-intensive pull with weight at side.,Kettlebell
28,Clean and Jerk,Inter,Quads,Max,4,6ea,--,90s,Met-Con,‚≠ê‚≠ê‚≠ê,KB Clean,Stamina,Expl. Force,Full-body explosive conditioning.,Clean to rack; dip and drive to lockout.,Watch Video,w_room,Weight Room,Full-body explosive conditioning.,Kettlebell
34,Balance Goblet,Adv,Quads,High,3,10,--,60s,Propriocept.,‚≠ê‚≠ê‚≠ê,Goblet Sq,Stability,Core Depth,Stability focus for the legs and core.,Goblet squat while on balance trainer.,Watch Video,w_room,Weight Room,Stability focus for the legs and core.,Kettlebell
35,Racked Rev Lunge,Inter,Quads,Med,3,10ea,--,60s,Offset Bal.,‚≠ê‚≠ê,Lunge,Symmetry,Hip Stab.,Offset balance for leg development.,Rack bell one side; lunge with opposite leg.,Watch Video,w_room,Weight Room,Offset balance for leg development.,Kettlebell(s)
38,SA Suitcase DL,Inter,Quads,Med,3,10ea,--,45s,Spinal Align.,‚≠ê‚≠ê,Suitcase DL,Anti-Lateral,Core Brace,Core bracing during a unilateral pull.,Keep spine vertical while pulling side bell.,Watch Video,w_room,Weight Room,Core bracing during a unilateral pull.,Kettlebell
39,SA OH Squat,Adv,Quads,Max,3,8ea,--,90s,Elite Mob.,‚≠ê‚≠ê‚≠ê,SA OH Lunge,Flexibility,Total Control,Elite mobility and core stability move.,Deep squat while keeping arm vertical OH.,Watch Video,w_room,Weight Room,Elite mobility and core stability move.,Kettlebell
41,KB Pistol Squat,Adv,Quads,Max,3,5ea,--,90s,Raw Strength,‚≠ê‚≠ê‚≠ê,Squat,Balance,Elite Legs,Advanced unilateral leg strength.,Hold bell; squat deep on one leg.,Watch Video,w_room,Weight Room,Advanced unilateral leg strength.,Kettlebell
12,Wall Ball,Inter,Quads,High,4,12,--,90s,Conditioning,‚≠ê‚≠ê‚≠ê,Squat,Full Body Synch,Stamina,Explosive full-body movement.,Squat; explosively throw ball to wall target.,Watch Video,all,Weight Room,Explosive full-body movement.,"Medicine Ball, Wall"
17,Medicine Ball Lunge,Beg,Quads,Low,3,12ea,--,45s,Quad Load,‚≠ê,None,Torso Upright,Leg Volume,Classic lunge with front-load weight.,Step forward; hold ball at chest; squat.,Watch Video,all,Weight Room,Classic lunge with front-load weight.,Medicine Ball
20,MB Side Lunge,Beg,Quads,Low,3,10ea,--,45s,Lateral Mot.,‚≠ê,None,Hip Range,Lat. Speed,Lateral movement for quads and obliques.,Step wide to side; sit into hip; hold ball.,Watch Video,all,Weight Room,Lateral movement for quads and obliques.,Medicine Ball
22,MB OH Lunge,Inter,Quads,High,3,10ea,--,60s,OH Stability,‚≠ê‚≠ê‚≠ê,OH Press,Scap. Control,Core Bracing,Advanced shoulder and core stability.,Hold ball overhead; step forward into lunge.,Watch Video,all,Weight Room,Advanced shoulder and core stability.,Medicine Ball
24,MB Squat,Inter,Quads,Med,3,15,--,45s,Front Load,‚≠ê‚≠ê,Squat,Depth,Quad Drive,Standard squat with front-loaded weight.,Hold ball at chest; squat deep; core tight.,Watch Video,all,Weight Room,Standard squat with front-loaded weight.,Medicine Ball
27,Partner Squat/Thr,Beg,Quads,High,3,12,--,60s,Total Power,‚≠ê‚≠ê,Squat,Triple Ext.,Reaction,Fast-paced lower body power move.,Squat; explosively throw; catch and descend.,Watch Video,all,Weight Room,Fast-paced lower body power move.,Medicine Ball
30,Back Squat,Beg,Quads,Med,4,12,--,60s,Leg Mass,‚≠ê‚≠ê,Body Squat,Squat Depth,Leg Power,Compound leg move; variable tension.,Band over traps/under feet; deep squat.,Watch Video,all,Weight Room,Compound leg move; variable tension.,Resistance Band
35,Front Squat,Beg,Quads,Med,3,12,--,60s,Core/Quads,‚≠ê‚≠ê,Back Squat,Upright Torso,Quad Drive,Quad-dominant squat variation.,Band across front of delts; elbows high.,Watch Video,all,Weight Room,Quad-dominant squat variation.,Resistance Band
37,Sumo Deadlift,Beg,Quads,High,3,12,--,60s,Inner Thigh,‚≠ê‚≠ê,Deadlift,Glute Power,Wide Base,Wide-stance pull for inner thighs/glutes.,Wide feet; toes out; pull from center.,Watch Video,all,Weight Room,Wide-stance pull for inner thighs/glutes.,Resistance Band
42,Squat to Press,Beg,Quads,High,3,10,--,60s,Coordination,‚≠ê‚≠ê‚≠ê,Squat,Total Power,Athleticism,Full-body coordination and power.,Perform squat; press overhead as you stand.,Watch Video,all,Weight Room,Full-body coordination and power.,Resistance Band
46,Pulse Lunge,Beg,Quads,Med,3,20,--,45s,Quad Endur.,‚≠ê‚≠ê,Lunge,Time/Tension,Leg Pump,High-tension quad endurance.,Half-squat lunge; 2-3 inch up/down bounce.,Watch Video,all,Weight Room,High-tension quad endurance.,Bodyweight
52,Banded Leg Drive,Beg,Quads,High,3,10ea,--,60s,Speed Power,‚≠ê‚≠ê‚≠ê,None,Sprint Mech.,Explosiveness,Explosive lower body power.,Drive knee forward/up against band.,Watch Video,all,Weight Room,Explosive lower body power.,Resistance Band
53,Leg Press,Beg,Quads,Low,3,20,--,45s,Leg Volume,‚≠ê,None,Quad Endur.,Hypertrophy,Machine-free leg strengthening.,Lie on back; push band away with feet.,Watch Video,all,Weight Room,Machine-free leg strengthening.,Resistance Band/Machine
58,Leg Extension,Beg,Quads,Low,3,20ea,--,30s,Quad Iso,‚≠ê,None,Knee Stab.,Detail,Isolation for the quadriceps.,Seated; extend leg straight against band.,Watch Video,all,Weight Room,Isolation for the quadriceps.,Resistance Band/Machine
62,Bulgarian Sq,Inter,Quads,High,3,8ea,--,60s,Unilat. Pow,‚≠ê‚≠ê‚≠ê,Lunge,Hip Strength,Quad Detail,Advanced unilateral leg power.,Back foot elevated; band adds tension.,Watch Video,all,Weight Room,Advanced unilateral leg power.,Resistance Band
66,Partner Sprint,Beg,Quads,High,4,--,15s Sprints,90s,Speed Power,‚≠ê‚≠ê‚≠ê,None,Sprint Force,Acceleration,Explosive speed and power drill.,Sprint forward; partner pulls back.,Watch Video,all,Weight Room,Explosive speed and power drill.,Resistance Band (Partner)
69,Partner Jump,Beg,Quads,High,4,5,--,90s,Plyo Power,‚≠ê‚≠ê‚≠ê,None,Vert. Jump,Explosiveness,Plyometric power development.,Jump vertically; partner resists via band.,Watch Video,all,Weight Room,Plyometric power development.,Resistance Band (Partner)
7,Barbell Sh. Press,Inter,Shoulders,High,4,6-8,--,120s,Overhead Power,‚≠ê‚≠ê‚≠ê,Landmine Prs,0.75x BW,1x BW,Vertical press for overhead strength.,Press from chest to overhead; keep core tight.,Watch Video,w_room,Weight Room,Vertical press for overhead strength.,"Barbell, Rack"
18,Push Press,Inter,Shoulders,High,4,5,--,120s,Explosive,‚≠ê‚≠ê‚≠ê,Sh. Press,Athleticism,Overhead Power,Explosive overhead press using legs.,Dip knees; drive bar overhead with momentum.,Watch Video,w_room,Weight Room,Explosive overhead press using legs.,Barbell
22,Seated Sh. Press,Inter,Shoulders,Med,3,8-10,--,90s,Pure Delts,‚≠ê‚≠ê,Sh. Press,Strict Power,Shoulder Mass,Removes leg drive for shoulder isolation.,Sit upright; press from chin to lockout.,Watch Video,w_room,Weight Room,Removes leg drive for shoulder isolation.,"Barbell, Bench/Rack"
46,BB Front Raise,Inter,Shoulders,Low,3,12,--,60s,Anterior Delt,‚≠ê,None,Front Cap,Delta Size,Isolates the front deltoid.,Straight arms; lift to shoulder height.,Watch Video,w_room,Weight Room,Isolates the front deltoid.,Barbell
54,Landmine Press,Beg,Shoulders,Low,3,12,--,60s,Joint Health,‚≠ê,None,Push Power,Sh. Mobility,Angled press for shoulder health.,Press end of bar up/forward at angle.,Watch Video,w_room,Weight Room,Angled press for shoulder health.,"Barbell, Landmine Base"
61,Single Arm LM Prs,Beg,Shoulders,Low,3,12ea,--,60s,Unilat. Stab,‚≠ê,LM Press,Sh. Health,Core Brace,Unilateral overhead stability.,Press end of bar with one arm; engage core.,Watch Video,w_room,Weight Room,Unilateral overhead stability.,"Barbell, Landmine Base"
74,Z-Press,Adv,Shoulders,High,3,8,--,120s,Core Stability,‚≠ê‚≠ê‚≠ê,Sh. Press,Strict Power,Pure Press,Seated press requiring extreme core.,Sit on floor; press overhead; no support.,Watch Video,w_room,Weight Room,Seated press requiring extreme core.,Barbell
80,Wide Upright Row,Beg,Shoulders,Low,3,12,--,60s,Side Delt,‚≠ê,None,Sh. Width,Delt Cap,Lateral delt focus.,Hands sh-width; pull to chest; flare elbows.,Watch Video,w_room,Weight Room,Lateral delt focus.,Barbell
81,Cuban Press,Inter,Shoulders,Low,3,15,--,60s,Sh. Health,‚≠ê,None,Mobility,Injury Prev,Rotator cuff and shoulder health.,Row; rotate; press; reverse.,Watch Video,w_room,Weight Room,Rotator cuff and shoulder health.,Barbell/Dumbbells
82,Bradford Press,Inter,Shoulders,Med,3,12,--,60s,Time/Tension,‚≠ê‚≠ê,Sh. Press,Endurance,Delt Pump,Increases time under tension for delts.,Press to back of neck then to front.,Watch Video,w_room,Weight Room,Increases time under tension for delts.,Barbell
83,Savickas Press,Adv,Shoulders,High,3,8,--,120s,Pure Press,‚≠ê‚≠ê‚≠ê,Z-Press,Max Effort,Core Brace,Pure seated pressing from floor.,Sit on floor; press overhead; leg straight.,Watch Video,w_room,Weight Room,Pure seated pressing from floor.,Barbell
98,Face Pull (BB),Beg,Shoulders,Low,3,15,--,45s,Post. Chain,‚≠ê,None,Sh. Health,Posture,Rear delt and trap health.,Pull toward forehead; flare elbows.,Watch Video,w_room,Weight Room,Rear delt and trap health.,Barbell/Band
99,W-Raise (BB),Beg,Shoulders,Low,3,15,--,30s,Rotator Cuff,‚≠ê,None,Stability,Prehab,Rotator cuff and upper back.,"Raise bar so arms form a ""W.""",Watch Video,w_room,Weight Room,Rotator cuff and upper back.,Barbell/Dumbbells
100,Y-Raise (BB),Beg,Shoulders,Low,3,15,--,30s,Lower Trap,‚≠ê,None,Stability,Scap. Move,Lower trap and shoulder health.,Raise bar forward and up at 45 deg.,Watch Video,w_room,Weight Room,Lower trap and shoulder health.,Barbell/Dumbbells
101,Viking Press,Inter,Shoulders,Med,3,10,--,90s,Strict Power,‚≠ê‚≠ê,LM Press,Power,Sh. Mass,Neutral grip overhead press.,Hold handles on LM; press overhead.,Watch Video,w_room,Weight Room,Neutral grip overhead press.,Viking Press Landmine
102,Seesaw Press,Inter,Shoulders,Med,3,12,--,60s,Coordination,‚≠ê‚≠ê,Sh. Press,Stability,Tension,Alternating overhead press.,One presses up as other lowers.,Watch Video,w_room,Weight Room,Alternating overhead press.,Barbell/Dumbbells
5,Shoulder Press,Beg,Shoulders,Med,3,10,--,60s,Vertical Pow,‚≠ê‚≠ê,None,Press Volume,Sh. Health,Overhead deltoid development.,Press from ear level to overhead; core tight.,Watch Video,w_room,Weight Room,Overhead deltoid development.,Dumbbells
8,Front Raise,Beg,Shoulders,Low,3,12,--,30s,Ant. Delt,‚≠ê,None,Front Cap,Sh. Shape,Isolate the front shoulder.,Raise to shoulder height; do not swing.,Watch Video,w_room,Weight Room,Isolate the front shoulder.,Dumbbells
12,Rear Delt Raise,Beg,Shoulders,Low,3,15,--,30s,Post. Chain,‚≠ê,None,Posture,Sh. Health,Isolates back of the shoulder.,Hinge forward; pull weights out like wings.,Watch Video,w_room,Weight Room,Isolates back of the shoulder.,Dumbbells
16,Shoulder Raise,Beg,Shoulders,Low,3,15,--,30s,Lat. Delt,‚≠ê,None,Width,Sh. Cap,Medial deltoid isolation.,Raise to sides; lead with elbows.,Watch Video,w_room,Weight Room,Medial deltoid isolation.,Dumbbells
21,Arnold Press,Inter,Shoulders,Med,3,10,--,60s,Full Delt,‚≠ê‚≠ê,Sh. Press,Range of Mot.,Sh. Health,Rotational overhead press.,Start palms in; rotate palms out as you press.,Watch Video,w_room,Weight Room,Rotational overhead press.,Dumbbells
23,Lateral Raise,Beg,Shoulders,Low,3,15,--,30s,Side Delt,‚≠ê,None,Width,Sh. Width,"Builds the ""cap"" of the shoulder.",Lift to sides; micro-bend in elbows.,Watch Video,w_room,Weight Room,"Builds the ""cap"" of the shoulder.",Dumbbells
30,Back Fly,Inter,Shoulders,Low,3,15,--,45s,Rear Delt,‚≠ê,None,Posture,Scap. Stability,Chest-supported rear delt work.,Lean on incline bench; reverse fly motion.,Watch Video,w_room,Weight Room,Chest-supported rear delt work.,Dumbbells
32,Curl to Press,Inter,Shoulders,Med,3,12,--,60s,Coordination,‚≠ê‚≠ê,Bicep Curl,Fluidity,Combo Move,Bicep and shoulder compound move.,Bicep curl then transition into overhead press.,Watch Video,w_room,Weight Room,Bicep and shoulder compound move.,Dumbbells
39,Standing Press,Inter,Shoulders,High,4,8,--,60s,Core Stability,‚≠ê‚≠ê‚≠ê,Sh. Press,Bracing,Strict Power,Pure vertical pressing strength.,Perform shoulder press while standing.,Watch Video,w_room,Weight Room,Pure vertical pressing strength.,Dumbbells
48,Lat to Front,Inter,Shoulders,Med,3,12,--,60s,Coordination,‚≠ê‚≠ê,Lat. Raise,Sh. Endurance,Control,Multi-planar shoulder movement.,Lateral raise; move to front; lower.,Watch Video,w_room,Weight Room,Multi-planar shoulder movement.,Dumbbells
51,Seated Rear Delt,Beg,Shoulders,Low,3,15,--,30s,Post. Health,‚≠ê,None,Posture,Scap. Control,Isolated rear deltoid work.,Sit at edge of bench; lean forward; fly.,Watch Video,w_room,Weight Room,Isolated rear deltoid work.,"Dumbbells, Bench"
57,Iron Cross,Adv,Shoulders,High,3,8,--,90s,Static Strength,‚≠ê‚≠ê‚≠ê,Lateral Raise,Isometric Str,Elite Control,Extreme shoulder/leg stability.,Hold weights at side/shoulder height; squat.,Watch Video,w_room,Weight Room,Extreme shoulder/leg stability.,Dumbbells
4,KB Upright Row,Beg,Shoulders,Low,3,12,--,30s,Trap Growth,‚≠ê,None,Sh. Width,Trap Detail,Targets upper traps and lateral deltoids.,Pull handle to chin; elbows high; pull apart.,Watch Video,w_room,Weight Room,Targets upper traps and lateral deltoids.,Kettlebell
16,KB OH Press,Inter,Shoulders,Med,3,8ea,--,60s,Strict Power,‚≠ê‚≠ê,Press,Lockout,Sh. Stability,Vertical press with offset center of mass.,Press from rack; rotate palm; lock out.,Watch Video,w_room,Weight Room,Vertical press with offset center of mass.,Kettlebell
17,Kettlebell Halo,Beg,Shoulders,Low,3,10ea,--,30s,Mobility,‚≠ê,None,Sh. Health,Range of Mot.,Dynamic mobility and core stability move.,Circle bell around head; keep core stiff.,Watch Video,w_room,Weight Room,Dynamic mobility and core stability move.,Kettlebell
25,Turkish Get Up,Inter,Shoulders,Max,3,5ea,--,90s,Total Body,‚≠ê‚≠ê‚≠ê,OH Press,Mobility,Elite Health,Total-body mobility and strength sequence.,Move floor to standing with bell locked OH.,Watch Video,w_room,Weight Room,Total-body mobility and strength sequence.,Kettlebell
29,Kettlebell Jerk,Inter,Shoulders,High,3,8ea,--,60s,Drive Power,‚≠ê‚≠ê‚≠ê,OH Press,Speed,Lockout,Uses leg drive for max overhead power.,Dip and drive; drop under bell to catch.,Watch Video,w_room,Weight Room,Uses leg drive for max overhead power.,Kettlebell
30,KB Thruster,Inter,Shoulders,Max,4,10,--,90s,Metabolic,‚≠ê‚≠ê‚≠ê,Goblet Sq,Conditioning,Engine Build,Full goblet squat into overhead press.,Squat deep; explosively press as you stand.,Watch Video,w_room,Weight Room,Full goblet squat into overhead press.,Kettlebells
31,Bottoms-Up Press,Inter,Shoulders,High,3,8ea,--,60s,Stability,‚≠ê‚≠ê‚≠ê,OH Press,Grip,Cuff Health,Extreme grip and shoulder stability challenge.,Hold bell upside down; press overhead.,Watch Video,w_room,Weight Room,Extreme grip and shoulder stability challenge.,Kettlebell
33,KB Snatch,Adv,Shoulders,Max,4,10ea,--,90s,High Speed,‚≠ê‚≠ê‚≠ê,KB Swing,Power,Vertical Pull,High-intensity floor-to-overhead pull.,Swing; pull vertically; punch hand through.,Watch Video,w_room,Weight Room,High-intensity floor-to-overhead pull.,Kettlebell
36,SA KB Press,Inter,Shoulders,Med,3,10ea,--,60s,Strict Power,‚≠ê‚≠ê,OH Press,Symmetry,Press Force,Standard unilateral shoulder strength.,Strict press from rack; engage lats.,Watch Video,w_room,Weight Room,Standard unilateral shoulder strength.,Kettlebell
40,KB TGU (Alt),Inter,Shoulders,Max,3,5ea,--,90s,Sequence,‚≠ê‚≠ê‚≠ê,OH Press,Mobility,Coordination,(Alt for 25) Total-body mobility sequence.,Same as TGU; focus on unique load path.,Watch Video,w_room,Weight Room,(Alt for 25) Total-body mobility sequence.,Kettlebell
3,Rear Delt Fly,Beg,Shoulders,Low,3,15,--,30s,Post. Health,‚≠ê,None,Posture,Scap. Stability,Isolates rear delts and improves posture.,Cross cables; pull arms back horizontally.,Watch Video,w_room,Weight Room,Isolates rear delts and improves posture.,Cable Machine
8,Cable Sh. Press,Beg,Shoulders,Med,3,10,--,60s,Overhead Pow,‚≠ê‚≠ê,DB Press,Stability,Vertical Drive,Smooth overhead press with consistent resistance.,Press from shoulders to full lockout.,Watch Video,w_room,Weight Room,Smooth overhead press with consistent resistance.,Cable Machine
14,Face Pull,Beg,Shoulders,Low,3,15,--,30s,Rear Delt,‚≠ê,None,Shoulder Health,Postural Setup,Rear delt and upper back health.,Pull to forehead; flare elbows out.,Watch Video,all,Weight Room,Rear delt and upper back health.,Cable Machine/Band
16,Sh. Ext. Rotation,Beg,Shoulders,Low,3,15,--,30s,Cuff Health,‚≠ê,None,Sh. Stability,Injury Prev.,Rotator cuff stability and health.,Elbows at 90¬∞; rotate hands outward.,Watch Video,all,Weight Room,Rotator cuff stability and health.,Resistance Band/Cable
20,Overhead Stretch,Beg,Shoulders,Low,2,--,60s,--,Mobility,‚≠ê,None,Range of Mot.,Recovery,Mobility move for shoulder range.,Hold wide overhead; move arms back and forth.,Watch Video,all,Weight Room,Mobility move for shoulder range.,Resistance Band
25,Ext. Rot (90¬∞),Beg,Shoulders,Low,3,12ea,--,30s,Cuff/Post.,‚≠ê,Sh. Ext Rot,Overhead Stab.,Sh. Health,High-position rotator cuff work.,Arm at shoulder height; rotate forearm up.,Watch Video,all,Weight Room,High-position rotator cuff work.,Resistance Band/Cable
27,High Pull,Beg,Shoulders,Med,3,12,--,45s,Trap/Delt,‚≠ê‚≠ê,None,Explosiveness,Sh. Width,Compound pull for delts and traps.,Pull to chin; elbows stay above wrists.,Watch Video,all,Weight Room,Compound pull for delts and traps.,Resistance Band
29,Seated Sh. Press,Beg,Shoulders,Low,3,12,--,45s,Delt Iso,‚≠ê,None,Press Vol.,Strict Power,Isolated vertical press for deltoids.,Sit on band; press ends directly overhead.,Watch Video,all,Weight Room,Isolated vertical press for deltoids.,Resistance Band
32,Int. Rotation 90¬∞,Beg,Shoulders,Low,3,15ea,--,30s,Cuff Strength,‚≠ê,None,Sh. Integrity,Injury Prev.,Functional rotator cuff strength.,Arm at shoulder height; rotate forearm down.,Watch Video,all,Weight Room,Functional rotator cuff strength.,Resistance Band/Cable
34,Sh. Int. Rotation,Beg,Shoulders,Low,3,15ea,--,30s,Cuff Health,‚≠ê,None,Stabilizers,Prehab,Internal rotator strength for prevention.,Elbow at side; pull hand inward to stomach.,Watch Video,all,Weight Room,Internal rotator strength for prevention.,Resistance Band/Cable
43,Underhand Front,Beg,Shoulders,Low,3,12,--,45s,Ant. Delt,‚≠ê,None,Sh. Shape,Front Cap,Anterior delt isolation.,Palms up; lift arms to shoulder height.,Watch Video,all,Weight Room,Anterior delt isolation.,Resistance Band/Cable
49,SA Archer Pull,Beg,Shoulders,Low,3,12ea,--,30s,Unilat. Pull,‚≠ê,None,Coordination,Sh. Power,Unilateral pull mimicking bow draw.,One arm straight; other pulls back to ear.,Watch Video,all,Weight Room,Unilateral pull mimicking bow draw.,Resistance Band
12,Upright Row,Beg,Trapezius,Low,3,12-15,--,60s,Trap Growth,‚≠ê,None,Shoulder Width,Trap Detail,Targets upper traps and lateral delts.,Pull bar to chin; elbows higher than wrists.,Watch Video,w_room,Weight Room,Targets upper traps and lateral delts.,Barbell
16,Barbell Shrug,Beg,Trapezius,Low,3,15-20,--,60s,Trap Isolation,‚≠ê,None,Trap Size,Posture,Isolates the upper trapezius muscles.,Hold bar; lift shoulders toward ears.,Watch Video,w_room,Weight Room,Isolates the upper trapezius muscles.,Barbell
62,Behind Back Shrug,Beg,Trapezius,Low,3,15,--,45s,Upper Traps,‚≠ê,BB Shrug,Trap Dev.,Posture,Hits the upper and middle traps.,Hold bar behind glutes; shrug to ears.,Watch Video,w_room,Weight Room,Hits the upper and middle traps.,Barbell
79,Close Upright Row,Beg,Trapezius,Low,3,12,--,60s,Trap Focus,‚≠ê,None,Trap Height,Posture,High-trap isolation.,Hands 4in apart; pull to chin; elbows high.,Watch Video,w_room,Weight Room,High-trap isolation.,Barbell
20,Dumbbell Shrug,Beg,Trapezius,Low,3,15,2s Hold,45s,Trap Height,‚≠ê,None,Neck Health,Trapezius Dev,Upper trap isolation.,Hold at sides; lift shoulders to ears.,Watch Video,w_room,Weight Room,Upper trap isolation.,Dumbbells
26,Upright Row,Beg,Trapezius,Low,3,12,--,45s,Upper Back,‚≠ê,None,Trap Growth,Sh. Volume,Pulls for traps and side delts.,Pull to chin; elbows pointing high.,Watch Video,w_room,Weight Room,Pulls for traps and side delts.,Dumbbells
15,Sumo High Pull,Inter,Trapezius,High,3,12,--,60s,Expl. Pull,‚≠ê‚≠ê‚≠ê,Sumo Squat,Speed,Trap Power,Explosive pull from floor to shoulder.,Pull from floor to chin in one fluid motion.,Watch Video,w_room,Weight Room,Explosive pull from floor to shoulder.,Kettlebell
6,Cable Shrugs,Inter,Trapezius,Med,4,12-15,--,60s,Trap Density,‚≠ê‚≠ê,BB Shrug,Neck Health,Trap Height,Heavy isolation with vertical tension.,Use straight bar; shrug to ears; arms straight.,Watch Video,w_room,Weight Room,Heavy isolation with vertical tension.,Cable Machine
5,Close-Grip Bench,Inter,Trapezius,Med,3,8-10,--,90s,Tricep Mass,‚≠ê‚≠ê,Bench Press,Tricep Strength,Lockout Power,Tricep-focused bench variation.,Grip 6‚Äì8 in. apart; keep elbows tucked.,Watch Video,w_room,Weight Room,Tricep-focused bench variation.,"Barbell, Bench"
35,Incline Skull Crush,Inter,Trapezius,Low,3,12,--,60s,Tricep Stretch,‚≠ê,None,Arm Size,Long Head Dev,Stretches the long head of the tricep.,Incline bench; lower bar to head; extend.,Watch Video,w_room,Weight Room,Stretches the long head of the tricep.,"Barbell/EZ Bar, Bench"
75,Floor Skull Crush,Inter,Trapezius,Low,3,12,--,60s,Tricep Iso,‚≠ê,None,Arm Mass,Tricep Dev,Tricep isolation with limited range.,Lie on floor; lower bar behind head.,Watch Video,w_room,Weight Room,Tricep isolation with limited range.,Barbell/EZ Bar
89,Tate Press,Inter,Trapezius,Low,3,12,--,60s,Tri-Extension,‚≠ê,None,Lockout,Arm Width,Unique tricep extension on bench.,Weights at chest; flare elbows; press up.,Watch Video,w_room,Weight Room,Unique tricep extension on bench.,Dumbbells
90,JM Press,Inter,Trapezius,Med,3,10,--,90s,Mass Builder,‚≠ê‚≠ê,Bench Press,Lockout,Tri Thickness,Hybrid bench/skull crusher.,Lower to chin; tuck elbows; press.,Watch Video,w_room,Weight Room,Hybrid bench/skull crusher.,Barbell
91,California Press,Inter,Trapezius,Med,3,10,--,90s,Hybrid Mass,‚≠ê‚≠ê,JM Press,Strength,Bench Acc.,Another hybrid for tricep mass.,Lower to upper chest; press like bench.,Watch Video,w_room,Weight Room,Another hybrid for tricep mass.,Barbell
92,Overhead Tri Ext,Inter,Trapezius,Low,3,12,--,60s,Long Head,‚≠ê,None,Stretch,Tri Size,Stretches the triceps.,Hold bar overhead; lower behind neck.,Watch Video,w_room,Weight Room,Stretches the triceps.,Barbell/Dumbbell
7,Skullcrusher,Inter,Trapezius,Low,3,12,--,45s,Tri Isolation,‚≠ê,None,Arm Size,Lockout Pow,Targets the tricep long head.,Lie on bench; lower to forehead; extend.,Watch Video,w_room,Weight Room,Targets the tricep long head.,Dumbbells/Barbell
9,Seated Tri Press,Beg,Trapezius,Low,3,12,--,45s,Long Head Ext,‚≠ê,None,Arm Mass,Tricep Depth,Overhead tricep extension.,Sit; hold DB overhead; lower behind head.,Watch Video,w_room,Weight Room,Overhead tricep extension.,"Dumbbells, Bench"
14,Kickbacks,Beg,Trapezius,Low,3,15ea,--,30s,Tri Squeeze,‚≠ê,None,Definition,Detail,Focuses on the tricep contraction.,Hinge; elbow high; extend arm straight back.,Watch Video,w_room,Weight Room,Focuses on the tricep contraction.,Dumbbells
27,1-Arm Tri Ext,Beg,Trapezius,Low,3,12ea,--,30s,Symmetry,‚≠ê,Tri Press,Balance,Unilat. Detail,Single-arm tricep isolation.,One weight overhead; lower behind head.,Watch Video,w_room,Weight Room,Single-arm tricep isolation.,Dumbbell
33,Tricep Extension,Beg,Trapezius,Low,3,12,--,45s,Overhead Ext,‚≠ê,None,Arm Size,Tricep Shape,Bilateral overhead tricep work.,Hold one DB; lower behind neck; extend up.,Watch Video,w_room,Weight Room,Bilateral overhead tricep work.,Dumbbells
2,Stnd. Tricep Ext,Beg,Trapezius,Low,3,12,--,30s,Arm Def.,‚≠ê,None,Full Lockout,Tricep Shape,Vertical extension for arm definition.,Extend arm downward against band tension.,Watch Video,all,Weight Room,Vertical extension for arm definition.,Resistance Band/Cable
6,SA Tricep Ext,Beg,Trapezius,Low,3,12ea,--,30s,Symmetry,‚≠ê,Tricep Ext,Arm Balance,Unilat. Detail,Unilateral isolation to fix imbalances.,Anchor at shoulder; extend one arm to lockout.,Watch Video,all,Weight Room,Unilateral isolation to fix imbalances.,Resistance Band/Cable
,,,,,,,,,,,,,,,,Watch Video,,,,
