number,Category,Exercise Name,Description,Env.,CNS,Sets,Reps,Time,Primary Focus,Stars,Pre-Req,HS Goals,College Goals,Demo
1,Footwork,Shuffle Step,Instep to instep; point toward throw.,Field,Low,3,10r,--,Lat. Alignment,‚≠ê,None,Fluid; no click,Sub-1.5s release,üé•
2,Footwork,Instep Kick,Kick throwing foot instep over glove.,Field,Low,3,10r,--,Momentum Trans,‚≠ê‚≠ê,https://www.google.com/search?q=%231,Target on line,65+ MPH Velo,üé•
3,Footwork,Power Step,Instep to ball; move around ball.,Field,Med,3,10r,--,Force Prod.,‚≠ê‚≠ê‚≠ê,https://www.google.com/search?q=%232,Clean trans.,Pro-Step Mech,üé•
4,Footwork,Jam Step,Backhand; glove foot steps with ball.,Field,Med,3,12r,--,Depth Control,‚≠ê‚≠ê‚≠ê,None,50 MPH Fungo,65+ MPH Pick,üé•
5,Footwork,Open Step,Opening hips to reach wide lateral.,Field,Low,3,8r,--,Mobility/Reach,‚≠ê‚≠ê‚≠ê,None,Balanced hold,Full ext. reach,üé•
6,Footwork,Jump Turn (In),Air-born foot replacement (Inside).,Field,High,4,8r,--,Quick Trans.,‚≠ê‚≠ê‚≠ê‚≠ê,https://www.google.com/search?q=%231,<0.8s Turn,<0.5s Turn,üé•
7,Footwork,Jump Turn (Out),Air-born foot replacement (Outside).,Field,High,4,8r,--,Directional,‚≠ê‚≠ê‚≠ê‚≠ê,https://www.google.com/search?q=%236,Clear lane,Elite control,üé•
8,Throws,Long Throw,Full arm path; thumb to thigh circle.,Field,High,3,15r,--,Max Distance,‚≠ê‚≠ê‚≠ê,None,150ft accuracy,200ft+ Rope,üé•
9,Throws,Short Snap,Shortened arc; thumb to waist snap.,Field,Low,4,15r,--,Quick Release,‚≠ê‚≠ê,None,<0.6s Release,<0.4s Release,üé•
10,Throws,Bow & Arrow,Tight load; thumb to ear (Catcher).,Field,Med,4,12r,--,Accuracy,‚≠ê‚≠ê,None,Chest height,Sub-1.8s Pop,üé•
11,Throws,3/4 Sway,Tilt lower body/Shoulder dip throw.,Field,Med,3,10r,--,Off-Platform,‚≠ê‚≠ê‚≠ê,None,Accurate run,Max speed acc.,üé•
12,Throws,Dart Throws,Elbow and finger snap only.,Field,Low,3,20r,--,Fast Exchange,‚≠ê‚≠ê,None,Zero wind-up,Effortless touch,üé•
13,Running,Straight,Maintaining a linear line on run.,Field,High,5,30m,<4s,Linear Speed,‚≠ê‚≠ê‚≠ê‚≠ê,None,Sub-3.0s H-1st,Sub-2.8s H-1st,üé•
14,Running,Glove Side,Pursuit angle toward glove side.,Field,High,4,20m,<5s,Lat. Efficiency,‚≠ê‚≠ê‚≠ê,https://www.google.com/search?q=%2313,Sub-4.5s Shut.,Sub-4.2s Shut.,üé•
15,Running,Backhand,Crossover to reach backhand side.,Field,High,4,20m,<5s,Cross-Reach,‚≠ê‚≠ê‚≠ê,https://www.google.com/search?q=%2314,Secure catch,Full dive secure,üé•
16,Flips,Backhand Flip,Wrist flick; minimal arm motion.,Field,Low,3,15r,--,Touch/Feel,‚≠ê‚≠ê‚≠ê,None,Accurate @ 10ft,Effortless flick,üé•
17,Flips,Forehand Flip,"Stiff wrist, palm to target; flat.",Field,Low,3,15r,--,Consistency,‚≠ê‚≠ê,None,"No ""rainbow""",Sub-0.5s flip,üé•
18,Flips,Shovel Pass,Underhand toss using stiff palm.,Field,Low,3,10r,--,Under-Ball,‚≠ê‚≠ê,None,Accurate weight,Lead in stride,üé•
19,Flips,Glove Flip,Flick ball directly out of glove.,Field,Med,4,12r,--,Reaction,‚≠ê‚≠ê‚≠ê,https://www.google.com/search?q=%2316,100% catch,Fore/Back Master,üé•
20,Grounders,Straight On,Right-left gather; funnel to chest.,Field,Low,4,15r,--,Fund. Rhythm,‚≠ê‚≠ê,None,10/10 Clean,Fluidity,üé•
21,Grounders,Forehand,Lead with glove; attack the hop.,Field,Med,4,12r,--,Attacking,‚≠ê‚≠ê‚≠ê,https://www.google.com/search?q=%2320,Play the hop,Sub-2.0s Play,üé•
22,Grounders,Backhand,Thumb down; staying low/deep.,Field,Med,4,12r,--,Staying Low,‚≠ê‚≠ê‚≠ê,https://www.google.com/search?q=%2321,Stay in base,Full speed pick,üé•
23,Grounders,Short Hop,Pick ball immediately after dirt.,Field,High,5,10r,--,Timing,‚≠ê‚≠ê‚≠ê‚≠ê,None,8/10 clean,10/10 clean,üé•
24,Grounders,Slide Dives,Dropping to slide to stop ball.,Field,High,3,6r,--,Emergency,‚≠ê‚≠ê‚≠ê‚≠ê‚≠ê,None,Stop the ball,Throw from knee,üé•
25,Grounders,Tripod,Bare hand down; eyes behind glove.,Field,Low,3,10r,--,Stability,‚≠ê‚≠ê,None,Eye at glove,Instant trans.,üé•
26,Outfield,Routine Fly,Glove foot forward; catch back.,Field,Low,3,10r,--,High-Point,‚≠ê‚≠ê,None,Secure catch,Pro-tracking,üé•
27,Outfield,Drop Step (R),Point toe; no false steps deep.,Field,Med,4,8ea,--,Deep Coverage,‚≠ê‚≠ê‚≠ê,None,Point toe,Zero false step,üé•
28,Outfield,Running Catch,Tracking over-shoulder at stride.,Field,High,4,10r,--,Tracking Speed,‚≠ê‚≠ê‚≠ê‚≠ê,https://www.google.com/search?q=%2327,Shoulder align,Elite traject.,üé•
29,Outfield,Lateral Cross,Crossover running catch to gap.,Field,Med,4,10r,--,Sideways Range,‚≠ê‚≠ê‚≠ê,None,No wasted step,Speed pursuit,üé•
30,Outfield,Sliding Catch,Bent leg slide or full extension.,Field,High,3,5r,--,Maximal Effort,‚≠ê‚≠ê‚≠ê‚≠ê‚≠ê,None,Secure ball,Pop up throw,üé•
31,Outfield,Fence Work,Feel fence; track/climb/leap.,Field,Med,3,6r,--,Spatial Aware,‚≠ê‚≠ê‚≠ê‚≠ê,None,Feel fence,Climb/Leap,üé•
32,Catcher,Pop-ups,Vertical orientation; tracking.,Field,Med,3,8r,--,Vertical Or.,‚≠ê‚≠ê‚≠ê,None,Spin control,Track in wind,üé•
33,Catcher,Pickoffs,Instep down; explosive pop.,Field,High,4,8r,--,Explosive Pop,‚≠ê‚≠ê‚≠ê‚≠ê,https://www.google.com/search?q=%2310,Sub-2.0s Pop,Sub-1.8s Pop,üé•
34,Catcher,Blocking,Shifting body to center dirt ball.,Field,Elite,5,10r,--,Reaction,‚≠ê‚≠ê‚≠ê‚≠ê‚≠ê,None,Dead ball,Center 100%,üé•
35,Gym,Power Clean,Barbell; explosive pull to rack.,Gym,Elite,5,3r,--,Triple Ext.,‚≠ê‚≠ê‚≠ê‚≠ê‚≠ê,https://www.google.com/search?q=%2337,0.75x BW,1.1x BW,üé•
36,Gym,Snatch,Floor to overhead one motion.,Gym,Elite,4,2r,--,Rate of Force,‚≠ê‚≠ê‚≠ê‚≠ê‚≠ê,https://www.google.com/search?q=%2335,0.5x BW,0.8x BW,üé•
37,Gym,Back Squat,Barbell; hips below parallel.,Gym,Elite,5,5r,--,Absolute Force,‚≠ê‚≠ê‚≠ê‚≠ê‚≠ê,None,1.0x BW (5r),1.5x BW (5r),üé•
38,Gym,Front Squat,Upright torso; barbell front rack.,Gym,High,4,6r,--,Core/Quad,‚≠ê‚≠ê‚≠ê‚≠ê,https://www.google.com/search?q=%2337,Upright torso,1.25x BW,üé•
39,Gym,Nordic Curls,Eccentric focus; slow descent.,Gym,High,3,8r,--,Injury Prev.,‚≠ê‚≠ê‚≠ê‚≠ê,None,3s descent,5s / Unassist,üé•
40,Gym,Single-Leg Sq,Unilateral squat for stability.,Gym,Med,3,8ea,--,Unilat Balance,‚≠ê‚≠ê‚≠ê,None,Thigh parallel,Weighted 20lb,üé•
41,Gym,Bulgarian SS,Rear foot elevated split squat.,Gym,High,3,10r,--,Single-Leg Pwr,‚≠ê‚≠ê‚≠ê,None,0.5x BW load,1.0x BW load,üé•
42,Gym,Skater Squats,Single-leg; rear knee to floor.,Gym,Med,3,8r,--,Lat. Stability,‚≠ê‚≠ê‚≠ê,None,Clean touch,Weighted / 5s,üé•
43,Gym,RDL,Hinge at hips; target post. chain.,Gym,Med,4,10r,--,Hinge Mech,‚≠ê‚≠ê‚≠ê,None,Flat back,1.5x BW,üé•
44,Gym,Hip Thrusts,Weighted bridge for glute force.,Gym,High,4,10r,--,Horiz. Force,‚≠ê‚≠ê‚≠ê‚≠ê,None,1.5x BW,2.5x BW,üé•
45,Gym,Box Jumps,Jump onto high box; land soft.,Gym,High,5,3r,--,Elastic Power,‚≠ê‚≠ê‚≠ê,None,"24"" Box","32"" Box",üé•
46,Gym,Med-Ball Throw,Explosive rotational/overhead.,Gym,Med,4,5r,--,Rotational Pwr,‚≠ê‚≠ê‚≠ê,None,10lb / 15m,12lb / 20m,üé•
47,Gym,Farmer Carry,Heavy walk; maintain neutral spine.,Gym,Med,3,40m,<60s,Total Stability,‚≠ê‚≠ê‚≠ê,None,0.5x BW/Hand,0.8x BW/Hand,üé•
48,Gym,Calf/Tibialis,Lower leg isolation; durability.,Gym,Low,3,20r,--,Ankle Health,‚≠ê‚≠ê,None,20 Reps BW,Weighted ISO,üé•
50,Gym,Plank Holds,Isometric hold; flat torso.,Gym,Low,3,--,60s,Core Stability,‚≠ê‚≠ê,None,60s Flat,Weighted 45lb,üé•
51,Skill,Receiving,Quiet hands; framing strike zone.,Field,Low,5,20r,--,Framing,‚≠ê‚≠ê,None,Soft hands,Elite framing,üé•
52,Tagging,Over R-Should,Tag for throws over right shoulder.,Field,Low,3,10r,--,Tag Quickness,‚≠ê,None,Quick tag,No contact,üé•
53,Tagging,Over L-Should,Tag for throws over left shoulder.,Field,Low,3,10r,--,Tag Quickness,‚≠ê,None,Quick tag,Blind tag feel,üé•
54,Tagging,Wrap Around,Sweep/wrap tag mechanics.,Field,Med,3,10r,--,Tag Control,‚≠ê‚≠ê,None,Secure tag,Sweep tech,üé•
55,Tagging,Drop And Up,Block base; apply tag.,Field,Med,3,10r,--,Tag Strength,‚≠ê‚≠ê,None,Block base,Avoid slide,üé•
56,Tagging,Sweep Tag,Maximal reach lateral tag.,Field,High,4,8r,--,Range,‚≠ê‚≠ê‚≠ê,None,Full reach,Fast snap tag,üé•
56,Tagging,Sweep Tag,Maximal reach lateral tag.,Field,High,4,8r,--,Extension Range,‚≠ê‚≠ê‚≠ê,None,Full reach,Fast snap tag,